uniprotswissprot,Symbol,logFC,t,P.Value,adj.P.Val,B,DEG,DEG_up,DEG_down,sig,UniProt,Subcellular.location..CC.,Intramembrane,Topological.domain,Transmembrane
A0A075B6K4,IGLV3-10,-246400392646023,"-6,425359689","0,0000000005341134374","0,00000003271584887","-4,59511985",TRUE,FALSE,TRUE,significant,,"SUBCELLULAR LOCATION: Secreted {ECO:0000303|PubMed:20176268, ECO:0000303|PubMed:22158414}. Cell membrane {ECO:0000303|PubMed:20176268, ECO:0000303|PubMed:22158414}.",,,
A0A0B4J2D9,IGKV1D-13,329284178050601,"6,095222937","0,000000003451729103","0,0000001722219868","-4,59511985",TRUE,TRUE,FALSE,significant,,"SUBCELLULAR LOCATION: Secreted {ECO:0000303|PubMed:20176268, ECO:0000303|PubMed:22158414}. Cell membrane {ECO:0000303|PubMed:20176268, ECO:0000303|PubMed:22158414}.",,,
O94868,FCHSD2,531263262049663,"8,902244055",0,0,"-4,59511985",TRUE,TRUE,FALSE,significant,O94868,"SUBCELLULAR LOCATION: Cytoplasm {ECO:0000250|UniProtKB:Q3USJ8}. Cell junction {ECO:0000269|PubMed:14627983}. Membrane, clathrin-coated pit {ECO:0000269|PubMed:29887380, ECO:0000269|PubMed:30249660}. Cell membrane {ECO:0000269|PubMed:14627983, ECO:0000269|PubMed:29887380, ECO:0000269|PubMed:30249660}; Peripheral membrane protein {ECO:0000269|PubMed:14627983, ECO:0000269|PubMed:30249660}; Cytoplasmic side {ECO:0000269|PubMed:14627983, ECO:0000269|PubMed:30249660}. Cell projection, stereocilium {ECO:0000250|UniProtKB:Q3USJ8}. Note=Partially localized at clathrin-coated pits at the cell membrane (PubMed:30249660). Detected at the cell membrane at sites around clathrin-coated pits, very close to the clathrin-coated pits but not an intrinsic part of the clathrin-coated pits (PubMed:29887380). Colocalizes at cell-cell contacts with CDH1, but is not detected at tight junctions (PubMed:14627983). {ECO:0000269|PubMed:14627983, ECO:0000269|PubMed:29887380, ECO:0000269|PubMed:30249660}.",,,
B7Z8K6,TRDC,144817423916912,"4,084424323","0,00005713194452","0,0009827428487","-4,59511985",TRUE,TRUE,FALSE,significant,,SUBCELLULAR LOCATION: Cell membrane {ECO:0000305}.,,,TRANSMEM 130..152; /note=Helical; /evidence=ECO:0000255
Q96LA6,FCRL1,446034016638114,"8,33495685",0,0,"-4,59511985",TRUE,TRUE,FALSE,significant,Q96LA6,"SUBCELLULAR LOCATION: Cell membrane {ECO:0000269|PubMed:15479727, ECO:0000269|PubMed:16849395}; Single-pass type I membrane protein {ECO:0000269|PubMed:15479727, ECO:0000269|PubMed:16849395}.",,TOPO_DOM 17..307; /note=Extracellular; /evidence=ECO:0000255; TOPO_DOM 329..429; /note=Cytoplasmic; /evidence=ECO:0000255,TRANSMEM 308..328; /note=Helical; /evidence=ECO:0000255
Q07343,PDE4B,433490269874193,"8,164753693",0,0,"-4,59511985",TRUE,TRUE,FALSE,significant,Q07343,SUBCELLULAR LOCATION: [Isoform PDE4B5]: Cytoplasm {ECO:0000269|PubMed:17519386}. Cell membrane {ECO:0000269|PubMed:17519386}.,,,
O60262,GNG7,-103857716487521,"-5,256501504","0,000000284100289","0,000008952961499","-4,59511985",TRUE,FALSE,TRUE,significant,O60262,SUBCELLULAR LOCATION: Cell membrane {ECO:0000305}; Lipid-anchor {ECO:0000305}; Cytoplasmic side {ECO:0000305}.,,,
Q16760,DGKD,420891638408151,"5,91658412","0,000000009195653368","0,000000414992604","-4,59511985",TRUE,TRUE,FALSE,significant,A0A024R495,"SUBCELLULAR LOCATION: Membrane, clathrin-coated pit {ECO:0000269|PubMed:17880279}. Cytoplasm {ECO:0000269|PubMed:12200442}.; SUBCELLULAR LOCATION: [Isoform 1]: Cell membrane {ECO:0000269|PubMed:12200442}; Peripheral membrane protein {ECO:0000269|PubMed:12200442}. Cytoplasm {ECO:0000269|PubMed:12200442}. Note=Isoform 1 translocation from cytoplasm to the plasma membrane is induced by phorbol esters (PubMed:12200442). Phorbol esters induce the conversion into the monomeric form which can translocate to the plasma membrane (PubMed:12084710). {ECO:0000269|PubMed:12084710, ECO:0000269|PubMed:12200442}.",,,
Q14699,RFTN1,391665041952555,"7,307006031",0,"0,000000000226884137","-4,59511985",TRUE,TRUE,FALSE,significant,Q14699,"SUBCELLULAR LOCATION: Cell membrane {ECO:0000269|PubMed:12805216, ECO:0000269|PubMed:21266579, ECO:0000269|PubMed:27022195}; Lipid-anchor {ECO:0000269|PubMed:12805216}. Cytoplasm {ECO:0000269|PubMed:21266579, ECO:0000269|PubMed:27022195}. Membrane raft {ECO:0000269|PubMed:12805216}. Endosome {ECO:0000269|PubMed:21266579, ECO:0000269|PubMed:27022195}. Early endosome {ECO:0000269|PubMed:21266579}. Note=Translocates from cytoplasm to cell membrane where it colocalizes with poly (I:C) and then moves to endosomes where it colocalizes with TLR3 (PubMed:21266579). Translocates from cytoplasm to cell membrane where it colocalizes with TLR4 and then together with TLR4 moves to endosomes, upon lipopolysaccharide stimulation (PubMed:27022195). {ECO:0000269|PubMed:21266579, ECO:0000269|PubMed:27022195}.",,,
O95164,UBL3,-72488331097761,"-3,964349751","0,00009262627125","0,001476323089","-4,59511985",TRUE,FALSE,TRUE,significant,A0A024RDP0,SUBCELLULAR LOCATION: Cell membrane {ECO:0000250}; Lipid-anchor {ECO:0000250}.,,,
O94768,STK17B,371507277639757,"8,683225273",0,0,"-4,59511985",TRUE,TRUE,FALSE,significant,O94768,SUBCELLULAR LOCATION: Nucleus {ECO:0000269|PubMed:9786912}. Cell membrane {ECO:0000250}. Endoplasmic reticulum-Golgi intermediate compartment {ECO:0000250}. Note=Colocalizes with STK17B at the plasma membrane. {ECO:0000250}.,,,
Q9GZY6,LAT2,364272828538226,"8,063692167",0,0,"-4,59511985",TRUE,TRUE,FALSE,significant,Q9GZY6,"SUBCELLULAR LOCATION: Cell membrane {ECO:0000269|PubMed:12486104, ECO:0000269|PubMed:12514734}; Single-pass type III membrane protein {ECO:0000269|PubMed:12486104, ECO:0000269|PubMed:12514734}. Note=Present in lipid rafts.",,TOPO_DOM 1..5; /note=Extracellular; /evidence=ECO:0000255; TOPO_DOM 27..243; /note=Cytoplasmic; /evidence=ECO:0000255,TRANSMEM 6..26; /note=Helical; Signal-anchor for type III membrane protein; /evidence=ECO:0000255
P01599,IGKV1-17,272553007713448,"7,525936992",0,0,"-4,59511985",TRUE,TRUE,FALSE,significant,,"SUBCELLULAR LOCATION: Secreted {ECO:0000303|PubMed:20176268, ECO:0000303|PubMed:22158414}. Cell membrane {ECO:0000303|PubMed:20176268, ECO:0000303|PubMed:22158414}.",,,
P01704,IGLV2-14,487397341154420,"12,65585839",0,0,"-4,59511985",TRUE,TRUE,FALSE,significant,,"SUBCELLULAR LOCATION: Secreted {ECO:0000303|PubMed:20176268, ECO:0000303|PubMed:22158414}. Cell membrane {ECO:0000303|PubMed:20176268, ECO:0000303|PubMed:22158414}.",,,
P01717,IGLV3-25,-371310479935566,"-13,53427401",0,0,"-4,59511985",TRUE,FALSE,TRUE,significant,,"SUBCELLULAR LOCATION: Secreted {ECO:0000303|PubMed:20176268, ECO:0000303|PubMed:22158414}. Cell membrane {ECO:0000303|PubMed:20176268, ECO:0000303|PubMed:22158414}.",,,
P01742,IGHV1-69,-159974963147544,"-5,031480267","0,0000008522448597","0,00002410592591","-4,59511985",TRUE,FALSE,TRUE,significant,,"SUBCELLULAR LOCATION: Secreted {ECO:0000303|PubMed:20176268, ECO:0000303|PubMed:22158414}. Cell membrane {ECO:0000303|PubMed:20176268, ECO:0000303|PubMed:22158414}.",,,
P01834,IGKC,365337483505146,"10,67634059",0,0,"-4,59511985",TRUE,TRUE,FALSE,significant,,"SUBCELLULAR LOCATION: Secreted {ECO:0000303|PubMed:20176268, ECO:0000303|PubMed:22158414}. Cell membrane {ECO:0000303|PubMed:20176268, ECO:0000303|PubMed:22158414}.",,,
P01848,TRAC,-297813430266217,"-4,78633159","0,000002702993989","0,00006764221406","-4,59511985",TRUE,FALSE,TRUE,significant,,SUBCELLULAR LOCATION: Cell membrane {ECO:0000303|PubMed:20452950}.,,TOPO_DOM 139..140; /note=Cytoplasmic; /evidence=ECO:0000255,"TRANSMEM 116..138; /note=Helical; /evidence=ECO:0000255, ECO:0000269|PubMed:27791034"
P08174,CD55,326509814937839,"7,13469778",0,"0,0000000006182261935","-4,59511985",TRUE,TRUE,FALSE,significant,P08174,"SUBCELLULAR LOCATION: [Isoform 1]: Cell membrane; Single-pass type I membrane protein.; SUBCELLULAR LOCATION: [Isoform 2]: Cell membrane; Lipid-anchor, GPI-anchor.; SUBCELLULAR LOCATION: [Isoform 3]: Secreted {ECO:0000269|PubMed:16503113}.; SUBCELLULAR LOCATION: [Isoform 4]: Secreted {ECO:0000269|PubMed:16503113}.; SUBCELLULAR LOCATION: [Isoform 5]: Secreted {ECO:0000269|PubMed:16503113}.; SUBCELLULAR LOCATION: [Isoform 6]: Cell membrane {ECO:0000305|PubMed:16503113}; Lipid-anchor, GPI-anchor {ECO:0000305|PubMed:16503113}.; SUBCELLULAR LOCATION: [Isoform 7]: Cell membrane {ECO:0000305|PubMed:16503113}; Lipid-anchor, GPI-anchor {ECO:0000305|PubMed:16503113}.",,,
P01857,IGHG1,-139004173653198,"-3,469907605","0,0005992353549","0,007463035048","-4,59511985",TRUE,FALSE,TRUE,significant,,"SUBCELLULAR LOCATION: [Isoform 1]: Secreted {ECO:0000303|PubMed:20176268, ECO:0000303|PubMed:22158414}.; SUBCELLULAR LOCATION: [Isoform 2]: Cell membrane {ECO:0000303|PubMed:20176268, ECO:0000303|PubMed:22158414}; Single-pass membrane protein {ECO:0000255}.",,TOPO_DOM 1..350; /note=Extracellular; /evidence=ECO:0000305; TOPO_DOM 372..399; /note=Cytoplasmic; /evidence=ECO:0000305,TRANSMEM 351..371; /note=Helical; /evidence=ECO:0000255
P01920,HLA-DQB1,225389878889759,"4,081298333","0,00005786362512","0,0009932019244","-4,59511985",TRUE,TRUE,FALSE,significant,Q5SU54,"SUBCELLULAR LOCATION: Cell membrane; Single-pass type I membrane protein. Endoplasmic reticulum membrane; Single-pass type I membrane protein. Golgi apparatus, trans-Golgi network membrane; Single-pass type I membrane protein. Endosome membrane; Single-pass type I membrane protein. Lysosome membrane; Single-pass type I membrane protein. Note=The MHC class II complex transits through a number of intracellular compartments in the endocytic pathway until it reaches the cell membrane for antigen presentation.",,TOPO_DOM 33..230; /note=Extracellular; /evidence=ECO:0000255; TOPO_DOM 252..261; /note=Cytoplasmic; /evidence=ECO:0000255,TRANSMEM 231..251; /note=Helical; /evidence=ECO:0000255
Q3V6T2,CCDC88A,312658546644118,"15,20863036",0,0,"-4,59511985",TRUE,TRUE,FALSE,significant,O14997,"SUBCELLULAR LOCATION: Cell membrane {ECO:0000269|PubMed:15882442, ECO:0000269|PubMed:16139227, ECO:0000269|PubMed:27864364}; Peripheral membrane protein {ECO:0000305}. Cytoplasm, cytosol {ECO:0000269|PubMed:15882442, ECO:0000269|PubMed:27864364}. Cytoplasmic vesicle {ECO:0000269|PubMed:15749703, ECO:0000269|PubMed:15882442, ECO:0000269|PubMed:16139227}. Cell projection, lamellipodium {ECO:0000269|PubMed:15882442}. Cytoplasm, cytoskeleton, cilium basal body {ECO:0000269|PubMed:27623382}. Cytoplasm, cytoskeleton, microtubule organizing center, centrosome, centriole {ECO:0000269|PubMed:27623382}. Note=Localizes to the cytosol in unstimulated cells while EGF stimulation promotes membrane localization and guanine nucleotide exchange factor activity (PubMed:27864364). Localizes to the cell membrane through interaction with phosphoinositides (PubMed:16139227, PubMed:15882442). {ECO:0000269|PubMed:15882442, ECO:0000269|PubMed:16139227, ECO:0000269|PubMed:27864364}.",,,
P05109,S100A8,133052400819301,"3,498849991","0,0005401586668","0,006854809748","-4,59511985",TRUE,TRUE,FALSE,significant,P05109,"SUBCELLULAR LOCATION: Secreted. Cytoplasm. Cytoplasm, cytoskeleton. Cell membrane; Peripheral membrane protein. Note=Predominantly localized in the cytoplasm. Upon elevation of the intracellular calcium level, translocated from the cytoplasm to the cytoskeleton and the cell membrane. Upon neutrophil activation or endothelial adhesion of monocytes, is secreted via a microtubule-mediated, alternative pathway.",,,
P06127,CD5,158873655321229,"10,95405347",0,0,"-4,59511985",TRUE,TRUE,FALSE,significant,P06127,SUBCELLULAR LOCATION: Cell membrane; Single-pass type I membrane protein.,,TOPO_DOM 25..372; /note=Extracellular; /evidence=ECO:0000255; TOPO_DOM 403..495; /note=Cytoplasmic; /evidence=ECO:0000255,TRANSMEM 373..402; /note=Helical; /evidence=ECO:0000255
P06703,S100A6,-187611598849370,"-5,915327346","0,000000009258561785","0,0000004154973565","-4,59511985",TRUE,FALSE,TRUE,significant,P06703,SUBCELLULAR LOCATION: Nucleus envelope. Cytoplasm. Cell membrane; Peripheral membrane protein; Cytoplasmic side.,,,
P41220,RGS2,305075066178339,"5,157724237","0,0000004622509157","0,00001390734684","-4,59511985",TRUE,TRUE,FALSE,significant,A0A024R939,"SUBCELLULAR LOCATION: [Isoform 1]: Cell membrane {ECO:0000269|PubMed:11278586, ECO:0000269|PubMed:17901199, ECO:0000269|PubMed:28784619}. Cytoplasm {ECO:0000269|PubMed:11278586, ECO:0000269|PubMed:17901199}. Nucleus, nucleolus {ECO:0000269|PubMed:11278586, ECO:0000269|PubMed:17901199}.; SUBCELLULAR LOCATION: [Isoform 2]: Cell membrane {ECO:0000269|PubMed:17901199}. Cytoplasm {ECO:0000269|PubMed:17901199}. Nucleus, nucleolus {ECO:0000269|PubMed:17901199}.; SUBCELLULAR LOCATION: [Isoform 3]: Cell membrane {ECO:0000269|PubMed:17901199}. Cytoplasm {ECO:0000269|PubMed:17901199}. Nucleus, nucleolus {ECO:0000269|PubMed:17901199}.; SUBCELLULAR LOCATION: [Isoform 4]: Cell membrane {ECO:0000269|PubMed:17901199}. Mitochondrion {ECO:0000269|PubMed:17901199}.",,,
Q9NX76,CMTM6,300605141325385,"5,309011379","0,0000002186954743","0,000007083793327","-4,59511985",TRUE,TRUE,FALSE,significant,Q9NX76,"SUBCELLULAR LOCATION: Cell membrane {ECO:0000269|PubMed:28813410, ECO:0000269|PubMed:28813417}; Multi-pass membrane protein {ECO:0000255}. Early endosome membrane {ECO:0000269|PubMed:28813417}; Multi-pass membrane protein {ECO:0000255}. Recycling endosome membrane {ECO:0000269|PubMed:28813417}; Multi-pass membrane protein {ECO:0000255}. Note=Co-localizes with PD-L1/CD274 in the plasma membrane and in recycling endosomes. {ECO:0000269|PubMed:28813417}.",,TOPO_DOM 1..39; /note=Cytoplasmic; /evidence=ECO:0000269|PubMed:28813410; TOPO_DOM 61..67; /note=Extracellular; /evidence=ECO:0000305|PubMed:28813410; TOPO_DOM 89..106; /note=Cytoplasmic; /evidence=ECO:0000305|PubMed:28813410; TOPO_DOM 128..134; /note=Extracellular; /evidence=ECO:0000305|PubMed:28813410; TOPO_DOM 156..183; /note=Cytoplasmic; /evidence=ECO:0000269|PubMed:28813410,TRANSMEM 40..60; /note=Helical; /evidence=ECO:0000255; TRANSMEM 68..88; /note=Helical; /evidence=ECO:0000255; TRANSMEM 107..127; /note=Helical; /evidence=ECO:0000255; TRANSMEM 135..155; /note=Helical; /evidence=ECO:0000255
O95980,RECK,288429785499467,"5,050457653","0,0000007779477339","0,00002239876038","-4,59511985",TRUE,TRUE,FALSE,significant,A8K9D8,"SUBCELLULAR LOCATION: Cell membrane {ECO:0000269|PubMed:30026314, ECO:0000269|PubMed:9789069}; Lipid-anchor, GPI-anchor {ECO:0000269|PubMed:9789069}.",,,
P60033,CD81,260307984756426,"3,89487114","0,0001218631569","0,001875338582","-4,59511985",TRUE,TRUE,FALSE,significant,E9PJK1,"SUBCELLULAR LOCATION: Cell membrane {ECO:0000269|PubMed:1383329, ECO:0000269|PubMed:1695320, ECO:0000269|PubMed:20237408, ECO:0000269|PubMed:22307619, ECO:0000269|PubMed:2398277, ECO:0000269|PubMed:26354436}; Multi-pass membrane protein {ECO:0000255}. Basolateral cell membrane {ECO:0000269|PubMed:20375010}; Multi-pass membrane protein {ECO:0000255}. Note=Associates with CLDN1 and the CLDN1-CD81 complex localizes to the basolateral cell membrane. {ECO:0000269|PubMed:20375010}.",,"TOPO_DOM 1..12; /note=Cytoplasmic; /evidence=ECO:0000269|PubMed:27881302, ECO:0000305|PubMed:1860863; TOPO_DOM 34..63; /note=Extracellular; /evidence=ECO:0000269|PubMed:27881302; TOPO_DOM 85..89; /note=Cytoplasmic; /evidence=ECO:0000269|PubMed:27881302; TOPO_DOM 113..201; /note=Extracellular; /evidence=ECO:0000269|PubMed:27881302; TOPO_DOM 225..236; /note=Cytoplasmic; /evidence=ECO:0000269|PubMed:27881302, ECO:0000305|PubMed:1860863",TRANSMEM 13..33; /note=Helical; /evidence=ECO:0000269|PubMed:27881302; TRANSMEM 64..84; /note=Helical; /evidence=ECO:0000269|PubMed:27881302; TRANSMEM 90..112; /note=Helical; /evidence=ECO:0000269|PubMed:27881302; TRANSMEM 202..224; /note=Helical; /evidence=ECO:0000269|PubMed:27881302
P09769,FGR,-449390119210681,"-8,306315497",0,0,"-4,59511985",TRUE,FALSE,TRUE,significant,P09769,"SUBCELLULAR LOCATION: Cell membrane {ECO:0000305}; Lipid-anchor {ECO:0000305}; Cytoplasmic side {ECO:0000305}. Cell membrane; Peripheral membrane protein; Cytoplasmic side. Cell projection, ruffle membrane. Cytoplasm, cytosol. Cytoplasm, cytoskeleton. Mitochondrion inner membrane {ECO:0000250}. Mitochondrion intermembrane space {ECO:0000250}. Note=Detected in mitochondrial intermembrane space and at inner membranes (By similarity). Colocalizes with actin fibers at membrane ruffles. Detected at plasma membrane lipid rafts. {ECO:0000250}.",,,
P0DP09,IGKV1D-13,329284178050601,"6,095222937","0,000000003451729103","0,0000001722219868","-4,59511985",TRUE,TRUE,FALSE,significant,,"SUBCELLULAR LOCATION: Secreted {ECO:0000303|PubMed:20176268, ECO:0000303|PubMed:22158414}. Cell membrane {ECO:0000303|PubMed:20176268, ECO:0000303|PubMed:22158414}.",,,
Q86T03,PIP4P1,238911732674981,"3,761928997","0,0002037626081","0,002933378192","-4,59511985",TRUE,TRUE,FALSE,significant,Q86T03,"SUBCELLULAR LOCATION: Late endosome membrane {ECO:0000269|PubMed:16365287}; Multi-pass membrane protein {ECO:0000255}. Lysosome membrane {ECO:0000269|PubMed:16365287}; Multi-pass membrane protein {ECO:0000255}. Cytoplasmic vesicle, phagosome membrane {ECO:0000250|UniProtKB:Q3TWL2}; Multi-pass membrane protein {ECO:0000255}. Cell membrane {ECO:0000250|UniProtKB:Q3TWL2}; Multi-pass membrane protein {ECO:0000255}.",,,TRANSMEM 212..232; /note=Helical; /evidence=ECO:0000255; TRANSMEM 242..262; /note=Helical; /evidence=ECO:0000255
Q8N8Q9,NIPA2,234178732719351,"3,903135164","0,0001179750061","0,001818988914","-4,59511985",TRUE,TRUE,FALSE,significant,A0A024R372,SUBCELLULAR LOCATION: Cell membrane {ECO:0000269|PubMed:25347071}; Multi-pass membrane protein {ECO:0000255}. Early endosome {ECO:0000250|UniProtKB:Q9JJC8}. Note=Recruited to the cell membrane in response to low extracellular magnesium. {ECO:0000250|UniProtKB:Q9JJC8}.,,TOPO_DOM 1..9; /note=Extracellular; /evidence=ECO:0000255; TOPO_DOM 31..56; /note=Cytoplasmic; /evidence=ECO:0000255; TOPO_DOM 78; /note=Extracellular; /evidence=ECO:0000255; TOPO_DOM 100..107; /note=Cytoplasmic; /evidence=ECO:0000255; TOPO_DOM 129..149; /note=Extracellular; /evidence=ECO:0000255; TOPO_DOM 171..175; /note=Cytoplasmic; /evidence=ECO:0000255; TOPO_DOM 197..215; /note=Extracellular; /evidence=ECO:0000255; TOPO_DOM 237..246; /note=Cytoplasmic; /evidence=ECO:0000255; TOPO_DOM 268..278; /note=Extracellular; /evidence=ECO:0000255; TOPO_DOM 300..360; /note=Cytoplasmic; /evidence=ECO:0000255,TRANSMEM 10..30; /note=Helical; /evidence=ECO:0000255; TRANSMEM 57..77; /note=Helical; /evidence=ECO:0000255; TRANSMEM 79..99; /note=Helical; /evidence=ECO:0000255; TRANSMEM 108..128; /note=Helical; /evidence=ECO:0000255; TRANSMEM 150..170; /note=Helical; /evidence=ECO:0000255; TRANSMEM 176..196; /note=Helical; /evidence=ECO:0000255; TRANSMEM 216..236; /note=Helical; /evidence=ECO:0000255; TRANSMEM 247..267; /note=Helical; /evidence=ECO:0000255; TRANSMEM 279..299; /note=Helical; /evidence=ECO:0000255
Q96IZ2,ADTRP,229375063154928,"7,292711412",0,"0,0000000002446658505","-4,59511985",TRUE,TRUE,FALSE,significant,Q96IZ2,"SUBCELLULAR LOCATION: Cell membrane {ECO:0000269|PubMed:21868574, ECO:0000269|PubMed:27018888}; Multi-pass membrane protein {ECO:0000255}. Note=Colocalized with TFPI and CAV1 in lipid rafts. {ECO:0000269|PubMed:21868574}.",,TOPO_DOM 1..3; /note=Cytoplasmic; /evidence=ECO:0000305|PubMed:27018888; TOPO_DOM 25..46; /note=Extracellular; /evidence=ECO:0000305|PubMed:27018888; TOPO_DOM 68..85; /note=Cytoplasmic; /evidence=ECO:0000305|PubMed:27018888; TOPO_DOM 107..119; /note=Extracellular; /evidence=ECO:0000305|PubMed:27018888; TOPO_DOM 141..154; /note=Cytoplasmic; /evidence=ECO:0000305|PubMed:27018888; TOPO_DOM 176..189; /note=Extracellular; /evidence=ECO:0000305|PubMed:27018888; TOPO_DOM 211..230; /note=Cytoplasmic; /evidence=ECO:0000305|PubMed:27018888,TRANSMEM 4..24; /note=Helical; /evidence=ECO:0000255; TRANSMEM 47..67; /note=Helical; /evidence=ECO:0000255; TRANSMEM 86..106; /note=Helical; /evidence=ECO:0000255; TRANSMEM 120..140; /note=Helical; /evidence=ECO:0000255; TRANSMEM 155..175; /note=Helical; /evidence=ECO:0000255; TRANSMEM 190..210; /note=Helical; /evidence=ECO:0000255
P11836,MS4A1,210015198884658,"4,24734912","0,00002911907818","0,0005529871277","-4,59511985",TRUE,TRUE,FALSE,significant,A0A024R507,"SUBCELLULAR LOCATION: Cell membrane {ECO:0000269|PubMed:12920111, ECO:0000269|PubMed:22615937}; Multi-pass membrane protein {ECO:0000269|PubMed:22615937}. Cell membrane {ECO:0000269|PubMed:22615937}; Lipid-anchor {ECO:0000269|PubMed:22615937}. Note=Constitutively associated with membrane rafts. {ECO:0000269|PubMed:12920111}.",,TOPO_DOM 1..56; /note=Cytoplasmic; /evidence=ECO:0000255; TOPO_DOM 79..84; /note=Extracellular; /evidence=ECO:0000255; TOPO_DOM 106..120; /note=Cytoplasmic; /evidence=ECO:0000255; TOPO_DOM 142..188; /note=Extracellular; /evidence=ECO:0000255; TOPO_DOM 210..297; /note=Cytoplasmic; /evidence=ECO:0000255,TRANSMEM 57..78; /note=Helical; /evidence=ECO:0000255; TRANSMEM 85..105; /note=Helical; /evidence=ECO:0000255; TRANSMEM 121..141; /note=Helical; /evidence=ECO:0000255; TRANSMEM 189..209; /note=Helical; /evidence=ECO:0000255
P16410,CTLA4,206173505905848,"10,50192216",0,0,"-4,59511985",TRUE,TRUE,FALSE,significant,P16410,"SUBCELLULAR LOCATION: Cell membrane {ECO:0000269|PubMed:18468488, ECO:0000269|PubMed:28484017}; Single-pass type I membrane protein {ECO:0000269|PubMed:18468488, ECO:0000269|PubMed:28484017}. Note=Exists primarily an intracellular antigen whose surface expression is tightly regulated by restricted trafficking to the cell surface and rapid internalization.",,TOPO_DOM 36..161; /note=Extracellular; /evidence=ECO:0000305|PubMed:28484017; TOPO_DOM 183..223; /note=Cytoplasmic; /evidence=ECO:0000255,TRANSMEM 162..182; /note=Helical; /evidence=ECO:0000255
Q08209,PPP3CA,204912822847392,"6,411122732","0,0000000005797101525","0,00000003449490115","-4,59511985",TRUE,TRUE,FALSE,significant,A0A0S2Z4C6,"SUBCELLULAR LOCATION: Cytoplasm {ECO:0000269|PubMed:19154138, ECO:0000269|PubMed:22343722}. Cell membrane {ECO:0000269|PubMed:22343722, ECO:0000269|PubMed:28881575}; Peripheral membrane protein {ECO:0000269|PubMed:22343722}. Cell membrane, sarcolemma {ECO:0000250|UniProtKB:P63329}. Cytoplasm, myofibril, sarcomere, Z line {ECO:0000250|UniProtKB:P63329}. Cell projection, dendritic spine {ECO:0000269|PubMed:22343722}. Note=Colocalizes with ACTN1 and MYOZ2 at the Z line in heart and skeletal muscle (By similarity). Recruited to the cell membrane by scaffold protein AKAP5 following L-type Ca(2+)-channel activation (PubMed:22343722). {ECO:0000250|UniProtKB:P63329, ECO:0000269|PubMed:22343722}.",,,
P78562,PHEX,189193023181345,"6,42423169","0,0000000005375939313","0,00000003271584887","-4,59511985",TRUE,TRUE,FALSE,significant,B4DWG8,SUBCELLULAR LOCATION: Cell membrane {ECO:0000269|PubMed:9593714}; Single-pass type II membrane protein {ECO:0000269|PubMed:9593714}.,,TOPO_DOM 1..20; /note=Cytoplasmic; /evidence=ECO:0000269|PubMed:9593714; TOPO_DOM 42..641; /note=Extracellular; /evidence=ECO:0000269|PubMed:9593714,TRANSMEM 21..41; /note=Helical; Signal-anchor for type II membrane protein; /evidence=ECO:0000269|PubMed:9593714
P19256,CD58,101341136561671,"5,683538506","0,0000000319633173","0,000001277419542","-4,59511985",TRUE,TRUE,FALSE,significant,P19256,SUBCELLULAR LOCATION: [Isoform 1]: Cell membrane; Single-pass type I membrane protein.,,TOPO_DOM 29..215; /note=Extracellular; /evidence=ECO:0000255; TOPO_DOM 239..250; /note=Cytoplasmic; /evidence=ECO:0000255,TRANSMEM 216..238; /note=Helical; /evidence=ECO:0000255
Q13873,BMPR2,175659761462258,"12,59420994",0,0,"-4,59511985",TRUE,TRUE,FALSE,significant,Q13873,SUBCELLULAR LOCATION: Cell membrane {ECO:0000269|PubMed:25187962}; Single-pass type I membrane protein.,,TOPO_DOM 27..150; /note=Extracellular; /evidence=ECO:0000255; TOPO_DOM 172..1038; /note=Cytoplasmic; /evidence=ECO:0000255,TRANSMEM 151..171; /note=Helical; /evidence=ECO:0000255
P20036,HLA-DPA1,443729620034283,"7,721873326",0,0,"-4,59511985",TRUE,TRUE,FALSE,significant,P20036,"SUBCELLULAR LOCATION: Cell membrane; Single-pass type I membrane protein. Endoplasmic reticulum membrane; Single-pass type I membrane protein. Golgi apparatus, trans-Golgi network membrane; Single-pass type I membrane protein. Endosome membrane; Single-pass type I membrane protein. Lysosome membrane; Single-pass type I membrane protein. Note=The MHC class II complex transits through a number of intracellular compartments in the endocytic pathway until it reaches the cell membrane for antigen presentation.",,TOPO_DOM 29..222; /note=Extracellular; /evidence=ECO:0000255; TOPO_DOM 246..260; /note=Cytoplasmic; /evidence=ECO:0000255,TRANSMEM 223..245; /note=Helical; /evidence=ECO:0000255
P20273,CD22,157911161396364,"6,070658489","0,000000003954582001","0,0000001937021781","-4,59511985",TRUE,TRUE,FALSE,significant,P20273,SUBCELLULAR LOCATION: Cell membrane; Single-pass type I membrane protein.,,TOPO_DOM 20..687; /note=Extracellular; /evidence=ECO:0000255; TOPO_DOM 707..847; /note=Cytoplasmic; /evidence=ECO:0000255,TRANSMEM 688..706; /note=Helical; /evidence=ECO:0000255
Q9HC29,NOD2,173246235980171,"4,158408326","0,00004217879719","0,0007665662394","-4,59511985",TRUE,TRUE,FALSE,significant,Q9HC29,"SUBCELLULAR LOCATION: Cell membrane {ECO:0000269|PubMed:15998797, ECO:0000269|PubMed:25093298, ECO:0000269|PubMed:31649195, ECO:0000269|PubMed:34293401}; Lipid-anchor {ECO:0000269|PubMed:31649195, ECO:0000269|PubMed:34293401}. Basolateral cell membrane {ECO:0000269|PubMed:16203728, ECO:0000269|PubMed:17355968}. Cytoplasm {ECO:0000269|PubMed:14570728, ECO:0000269|PubMed:15998797, ECO:0000269|PubMed:19701189, ECO:0000269|PubMed:24790089, ECO:0000269|PubMed:25093298}. Mitochondrion {ECO:0000269|PubMed:19701189}. Note=Palmitoylation promotes localization to the cell membrane, where it detects bacterial invasion at the point of entry. {ECO:0000269|PubMed:34293401}.; SUBCELLULAR LOCATION: [Isoform 3]: Cytoplasm {ECO:0000269|PubMed:20698950}.",,,
P47870,GABRB2,171346839116310,"5,658188257","0,00000003652004367","0,000001431051272","-4,59511985",TRUE,TRUE,FALSE,significant,P47870,"SUBCELLULAR LOCATION: Postsynaptic cell membrane {ECO:0000250|UniProtKB:P63137}; Multi-pass membrane protein {ECO:0000255}. Cell membrane {ECO:0000269|PubMed:19763268, ECO:0000269|PubMed:8264558}; Multi-pass membrane protein {ECO:0000255}. Cytoplasmic vesicle membrane {ECO:0000250|UniProtKB:P63138}.",,TOPO_DOM 26..244; /note=Extracellular; /evidence=ECO:0000305; TOPO_DOM 327..489; /note=Cytoplasmic; /evidence=ECO:0000305,TRANSMEM 245..266; /note=Helical; /evidence=ECO:0000305; TRANSMEM 270..292; /note=Helical; /evidence=ECO:0000305; TRANSMEM 304..326; /note=Helical; /evidence=ECO:0000305; TRANSMEM 490..511; /note=Helical; /evidence=ECO:0000305
Q96FE7,PIK3IP1,166224655966143,"5,386457534","0,0000001481410069","0,000005107367846","-4,59511985",TRUE,TRUE,FALSE,significant,Q96FE7,SUBCELLULAR LOCATION: Cell membrane {ECO:0000269|PubMed:19088825}; Single-pass type I membrane protein {ECO:0000255}.,,TOPO_DOM 22..168; /note=Extracellular; /evidence=ECO:0000255; TOPO_DOM 190..263; /note=Cytoplasmic; /evidence=ECO:0000255,TRANSMEM 169..189; /note=Helical; /evidence=ECO:0000255
Q495A1,TIGIT,158730753039582,"4,757713911","0,000003083807416","0,00007510334355","-4,59511985",TRUE,TRUE,FALSE,significant,Q495A1,SUBCELLULAR LOCATION: Cell membrane {ECO:0000269|PubMed:19011627}; Single-pass type I membrane protein {ECO:0000269|PubMed:19011627}.,,TOPO_DOM 22..141; /note=Extracellular; /evidence=ECO:0000255; TOPO_DOM 163..244; /note=Cytoplasmic; /evidence=ECO:0000255,TRANSMEM 142..162; /note=Helical; /evidence=ECO:0000255
P16109,SELP,156527200595195,"4,346936902","0,00001908936629","0,0003824061831","-4,59511985",TRUE,TRUE,FALSE,significant,A0A024R8Y9,SUBCELLULAR LOCATION: Cell membrane {ECO:0000269|PubMed:28011641}; Single-pass type I membrane protein {ECO:0000305|PubMed:28011641}.,,TOPO_DOM 42..771; /note=Extracellular; /evidence=ECO:0000255; TOPO_DOM 796..830; /note=Cytoplasmic; /evidence=ECO:0000255,TRANSMEM 772..795; /note=Helical; /evidence=ECO:0000255
Q12809,KCNH2,150792448940119,"7,848985151",0,0,"-4,59511985",TRUE,TRUE,FALSE,significant,A0A090N8Q0,"SUBCELLULAR LOCATION: Cell membrane {ECO:0000269|PubMed:18559421, ECO:0000269|PubMed:19412172, ECO:0000269|PubMed:26363003}; Multi-pass membrane protein {ECO:0000269|PubMed:18559421, ECO:0000269|PubMed:19412172}.",INTRAMEM 612..632; /note=Pore-forming; Name=Segment H5; /evidence=ECO:0000255,TOPO_DOM 1..403; /note=Cytoplasmic; /evidence=ECO:0000255; TOPO_DOM 425..450; /note=Extracellular; /evidence=ECO:0000255; TOPO_DOM 472..495; /note=Cytoplasmic; /evidence=ECO:0000255; TOPO_DOM 517..520; /note=Extracellular; /evidence=ECO:0000255; TOPO_DOM 542..547; /note=Cytoplasmic; /evidence=ECO:0000255; TOPO_DOM 569..611; /note=Extracellular; /evidence=ECO:0000255; TOPO_DOM 633..638; /note=Extracellular; /evidence=ECO:0000255; TOPO_DOM 660..1159; /note=Cytoplasmic; /evidence=ECO:0000255,TRANSMEM 404..424; /note=Helical; Name=Segment S1; /evidence=ECO:0000255; TRANSMEM 451..471; /note=Helical; Name=Segment S2; /evidence=ECO:0000255; TRANSMEM 496..516; /note=Helical; Name=Segment S3; /evidence=ECO:0000255; TRANSMEM 521..541; /note=Helical; Voltage-sensor; Name=Segment S4; /evidence=ECO:0000255; TRANSMEM 548..568; /note=Helical; Name=Segment S5; /evidence=ECO:0000255; TRANSMEM 639..659; /note=Helical; Name=Segment S6; /evidence=ECO:0000255
Q5VZK9,CARMIL1,144071947171873,"4,128738563","0,00004766178441","0,0008433196347","-4,59511985",TRUE,TRUE,FALSE,significant,Q5VZK9,"SUBCELLULAR LOCATION: Cytoplasm {ECO:0000269|PubMed:19846667}. Cytoplasm, cytoskeleton {ECO:0000250|UniProtKB:Q6EDY6}. Cell membrane {ECO:0000269|PubMed:26578515}. Cell projection, lamellipodium {ECO:0000269|PubMed:19846667}. Note=Found on macropinosomes (PubMed:19846667). Colocalized with heterodimeric capping protein (CP) and F-actin in lamellipodia but not with F-actin in stress fibers (PubMed:19846667). {ECO:0000269|PubMed:19846667}.",,,
P06858,LPL,143575181966740,"5,140597606","0,0000005025959973","0,00001500874961","-4,59511985",TRUE,TRUE,FALSE,significant,A0A1B1RVA9,"SUBCELLULAR LOCATION: Cell membrane {ECO:0000250|UniProtKB:P11151}; Peripheral membrane protein {ECO:0000250|UniProtKB:P11151}; Extracellular side {ECO:0000250|UniProtKB:P11151}. Secreted {ECO:0000269|PubMed:11342582, ECO:0000269|PubMed:11893776, ECO:0000269|PubMed:12641539, ECO:0000269|PubMed:1371284, ECO:0000269|PubMed:2340307, ECO:0000269|PubMed:24291057, ECO:0000269|PubMed:27578112, ECO:0000269|PubMed:30559189}. Secreted, extracellular space, extracellular matrix {ECO:0000269|PubMed:27811232}. Note=Newly synthesized LPL binds to cell surface heparan proteoglycans and is then released by heparanase. Subsequently, it becomes attached to heparan proteoglycan on endothelial cells (PubMed:27811232). Locates to the plasma membrane of microvilli of hepatocytes with triglyceride-rich lipoproteins (TRL). Some of the bound LPL is then internalized and located inside non-coated endocytic vesicles (By similarity). {ECO:0000250|UniProtKB:P11151, ECO:0000269|PubMed:27811232}.",,,
P34947,GRK5,-101071956143665,"-8,858244274",0,0,"-4,59511985",TRUE,FALSE,TRUE,significant,P34947,SUBCELLULAR LOCATION: Cytoplasm. Nucleus. Cell membrane; Peripheral membrane protein. Note=Predominantly localized at the plasma membrane; targeted to the cell surface through the interaction with phospholipids. Nucleus localization is regulated in a GPCR and Ca(2+)/calmodulin-dependent fashion.,,,
Q8IZD6,SLC22A15,142447989648523,"3,78533923","0,0001863209365","0,002716363127","-4,59511985",TRUE,TRUE,FALSE,significant,Q8IZD6,SUBCELLULAR LOCATION: Cell membrane {ECO:0000269|PubMed:33124720}; Multi-pass membrane protein {ECO:0000255}.,,,TRANSMEM 22..42; /note=Helical; /evidence=ECO:0000255; TRANSMEM 111..131; /note=Helical; /evidence=ECO:0000255; TRANSMEM 141..161; /note=Helical; /evidence=ECO:0000255; TRANSMEM 165..187; /note=Helical; /evidence=ECO:0000255; TRANSMEM 201..221; /note=Helical; /evidence=ECO:0000255; TRANSMEM 226..246; /note=Helical; /evidence=ECO:0000255; TRANSMEM 303..323; /note=Helical; /evidence=ECO:0000255; TRANSMEM 338..358; /note=Helical; /evidence=ECO:0000255; TRANSMEM 368..388; /note=Helical; /evidence=ECO:0000255; TRANSMEM 401..420; /note=Helical; /evidence=ECO:0000255; TRANSMEM 433..453; /note=Helical; /evidence=ECO:0000255; TRANSMEM 462..482; /note=Helical; /evidence=ECO:0000255
Q96BS2,TESC,142378538722078,"3,690399751","0,0002670983872","0,003705701803","-4,59511985",TRUE,TRUE,FALSE,significant,Q96BS2,"SUBCELLULAR LOCATION: Nucleus {ECO:0000269|PubMed:18321853}. Cytoplasm {ECO:0000269|PubMed:18321853}. Membrane {ECO:0000305}; Lipid-anchor {ECO:0000305}. Cell membrane {ECO:0000269|PubMed:18321853}. Cell projection, lamellipodium {ECO:0000269|PubMed:11696366}. Cell projection, ruffle membrane {ECO:0000250|UniProtKB:Q9JKL5}. Note=Colocalizes with SLC9A1 at the plasma membrane. {ECO:0000269|PubMed:18321853}.",,,
Q9BZL6,PRKD2,141770770972824,"6,029924891","0,000000004950615775","0,0000002367160507","-4,59511985",TRUE,TRUE,FALSE,significant,Q9BZL6,"SUBCELLULAR LOCATION: Cytoplasm {ECO:0000269|PubMed:17962809}. Cell membrane {ECO:0000250|UniProtKB:Q15139}. Nucleus {ECO:0000269|PubMed:17962809}. Golgi apparatus, trans-Golgi network {ECO:0000269|PubMed:18262756}. Note=Translocation to the cell membrane is required for kinase activation. Accumulates in the nucleus upon CK1-mediated phosphorylation after activation of G-protein-coupled receptors. Nuclear accumulation is regulated by blocking nuclear export of active PRKD2 rather than by increasing import. {ECO:0000269|PubMed:17962809}.",,,
P43403,ZAP70,138677008573702,"8,084425753",0,0,"-4,59511985",TRUE,TRUE,FALSE,significant,P43403,"SUBCELLULAR LOCATION: Cytoplasm {ECO:0000269|PubMed:9813084}. Cell membrane {ECO:0000269|PubMed:9813084}; Peripheral membrane protein {ECO:0000269|PubMed:9813084}. Note=In quiescent T-lymphocytes, it is cytoplasmic. Upon TCR activation, it is recruited at the plasma membrane by interacting with CD247/CD3Z. Colocalizes together with RHOH in the immunological synapse. RHOH is required for its proper localization to the cell membrane and cytoskeleton fractions in the thymocytes (By similarity). {ECO:0000250}.",,,
Q9Y4D7,PLXND1,138424815211162,"3,869528371","0,0001345578866","0,002047304514","-4,59511985",TRUE,TRUE,FALSE,significant,Q9Y4D7,"SUBCELLULAR LOCATION: Cell membrane {ECO:0000250|UniProtKB:Q3UH93}; Single-pass membrane protein {ECO:0000250|UniProtKB:Q3UH93}. Cell projection, lamellipodium membrane {ECO:0000269|PubMed:24841563}.",,TOPO_DOM 47..1271; /note=Extracellular; /evidence=ECO:0000255; TOPO_DOM 1293..1925; /note=Cytoplasmic; /evidence=ECO:0000255,TRANSMEM 1272..1292; /note=Helical; /evidence=ECO:0000255
Q13241,KLRD1,136914016261762,"6,118676547","0,00000000303027554","0,0000001530956189","-4,59511985",TRUE,TRUE,FALSE,significant,Q13241,"SUBCELLULAR LOCATION: Cell membrane {ECO:0000269|PubMed:20952657, ECO:0000269|PubMed:9485206}; Single-pass type II membrane protein {ECO:0000255}.",,TOPO_DOM 1..10; /note=Cytoplasmic; /evidence=ECO:0000255; TOPO_DOM 32..179; /note=Extracellular; /evidence=ECO:0000255,TRANSMEM 11..31; /note=Helical; Signal-anchor for type II membrane protein; /evidence=ECO:0000255
P07550,ADRB2,133913868752919,"4,07181477","0,00006013835658","0,001025671801","-4,59511985",TRUE,TRUE,FALSE,significant,P07550,"SUBCELLULAR LOCATION: Cell membrane {ECO:0000269|PubMed:19584355, ECO:0000269|PubMed:20559325, ECO:0000269|PubMed:23166351, ECO:0000269|PubMed:25220262, ECO:0000269|PubMed:2831218, ECO:0000269|PubMed:7915137}; Multi-pass membrane protein {ECO:0000269|PubMed:19584355}. Early endosome {ECO:0000269|PubMed:20559325}. Golgi apparatus {ECO:0000269|PubMed:27481942}. Note=Colocalizes with VHL at the cell membrane (PubMed:19584355). Activated receptors are internalized into endosomes prior to their degradation in lysosomes (PubMed:20559325). Activated receptors are also detected within the Golgi apparatus (PubMed:27481942). {ECO:0000269|PubMed:19584355, ECO:0000269|PubMed:20559325, ECO:0000269|PubMed:27481942}.",,TOPO_DOM 1..34; /note=Extracellular; TOPO_DOM 59..71; /note=Cytoplasmic; TOPO_DOM 96..106; /note=Extracellular; TOPO_DOM 130..150; /note=Cytoplasmic; TOPO_DOM 175..196; /note=Extracellular; TOPO_DOM 221..274; /note=Cytoplasmic; TOPO_DOM 299..305; /note=Extracellular; TOPO_DOM 330..413; /note=Cytoplasmic,TRANSMEM 35..58; /note=Helical; Name=1; TRANSMEM 72..95; /note=Helical; Name=2; TRANSMEM 107..129; /note=Helical; Name=3; TRANSMEM 151..174; /note=Helical; Name=4; TRANSMEM 197..220; /note=Helical; Name=5; TRANSMEM 275..298; /note=Helical; Name=6; TRANSMEM 306..329; /note=Helical; Name=7
P23634,ATP2B4,130820382997741,"4,155396717","0,00004270664487","0,0007726632394","-4,59511985",TRUE,TRUE,FALSE,significant,P23634,"SUBCELLULAR LOCATION: Cell membrane {ECO:0000269|PubMed:2137451}; Multi-pass membrane protein {ECO:0000255}. Cell projection, cilium, flagellum membrane {ECO:0000250|UniProtKB:Q6Q477}; Multi-pass membrane protein {ECO:0000255}.",,TOPO_DOM 1..92; /note=Cytoplasmic; /evidence=ECO:0000255; TOPO_DOM 114..150; /note=Extracellular; /evidence=ECO:0000255; TOPO_DOM 172..356; /note=Cytoplasmic; /evidence=ECO:0000255; TOPO_DOM 377..409; /note=Extracellular; /evidence=ECO:0000255; TOPO_DOM 428..840; /note=Cytoplasmic; /evidence=ECO:0000255; TOPO_DOM 861..870; /note=Extracellular; /evidence=ECO:0000255; TOPO_DOM 892..911; /note=Cytoplasmic; /evidence=ECO:0000255; TOPO_DOM 935..952; /note=Extracellular; /evidence=ECO:0000255; TOPO_DOM 975..993; /note=Cytoplasmic; /evidence=ECO:0000255; TOPO_DOM 1016..1025; /note=Extracellular; /evidence=ECO:0000255; TOPO_DOM 1048..1241; /note=Cytoplasmic; /evidence=ECO:0000255,TRANSMEM 93..113; /note=Helical; /evidence=ECO:0000255; TRANSMEM 151..171; /note=Helical; /evidence=ECO:0000255; TRANSMEM 357..376; /note=Helical; /evidence=ECO:0000255; TRANSMEM 410..427; /note=Helical; /evidence=ECO:0000255; TRANSMEM 841..860; /note=Helical; /evidence=ECO:0000255; TRANSMEM 871..891; /note=Helical; /evidence=ECO:0000255; TRANSMEM 912..934; /note=Helical; /evidence=ECO:0000255; TRANSMEM 953..974; /note=Helical; /evidence=ECO:0000255; TRANSMEM 994..1015; /note=Helical; /evidence=ECO:0000255; TRANSMEM 1026..1047; /note=Helical; /evidence=ECO:0000255
Q9HCH5,SYTL2,130608846730258,"6,469708076","0,000000000413476887","0,00000002636079233","-4,59511985",TRUE,TRUE,FALSE,significant,Q9HCH5,"SUBCELLULAR LOCATION: [Isoform 1]: Cytoplasm {ECO:0000269|PubMed:18812475}. Cell membrane {ECO:0000269|PubMed:18266782, ECO:0000269|PubMed:18812475}. Note=Recruited on vesicular structures in cytotoxic T-lymphocytes (CTL) by RAB27A. {ECO:0000269|PubMed:18812475}.; SUBCELLULAR LOCATION: [Isoform 4]: Cell membrane {ECO:0000269|PubMed:17182843}. Note=In the pancreatic alpha cells distributed in both peripheral and anterior regions. Localizes on the glucagon granules in the cell periphery. {ECO:0000269|PubMed:17182843}.",,,
P80723,BASP1,465311121477791,"7,506280982",0,0,"-4,59511985",TRUE,TRUE,FALSE,significant,P80723,"SUBCELLULAR LOCATION: Cell membrane; Lipid-anchor. Cell projection, growth cone. Note=Associated with the membranes of growth cones that form the tips of elongating axons.",,,
Q9Y624,F11R,123227102780713,"4,914784264","0,00000148461446","0,00003922996039","-4,59511985",TRUE,TRUE,FALSE,significant,Q9Y624,"SUBCELLULAR LOCATION: Cell junction, tight junction {ECO:0000269|PubMed:11171323}. Cell membrane {ECO:0000269|PubMed:11171323}; Single-pass type I membrane protein {ECO:0000269|PubMed:11171323}. Note=Localized at tight junctions of both epithelial and endothelial cells. {ECO:0000269|PubMed:11171323}.",,TOPO_DOM 28..238; /note=Extracellular; /evidence=ECO:0000255; TOPO_DOM 260..299; /note=Cytoplasmic; /evidence=ECO:0000255,TRANSMEM 239..259; /note=Helical; /evidence=ECO:0000255
Q03167,TGFBR3,190358123089165,"7,291611418",0,"0,0000000002446658505","-4,59511985",TRUE,TRUE,FALSE,significant,A0A0A8KWK3,"SUBCELLULAR LOCATION: Cell membrane {ECO:0000250|UniProtKB:P26342}; Single-pass type I membrane protein {ECO:0000255}. Secreted {ECO:0000250|UniProtKB:P26342}. Secreted, extracellular space, extracellular matrix {ECO:0000250|UniProtKB:P26342}. Note=Exists both as a membrane-bound form and as soluble form in serum and in the extracellular matrix. {ECO:0000250|UniProtKB:P26342}.",,TOPO_DOM 21..787; /note=Extracellular; /evidence=ECO:0000255; TOPO_DOM 810..851; /note=Cytoplasmic; /evidence=ECO:0000255,TRANSMEM 788..809; /note=Helical; /evidence=ECO:0000255
P05026,ATP1B1,122790624268437,"3,696976477","0,000260578705","0,003621503005","-4,59511985",TRUE,TRUE,FALSE,significant,A3KLL5,"SUBCELLULAR LOCATION: Cell membrane {ECO:0000269|PubMed:34011520}; Single-pass type II membrane protein {ECO:0000255}. Apical cell membrane {ECO:0000250|UniProtKB:P07340}; Single-pass type II membrane protein {ECO:0000255}. Cell membrane, sarcolemma {ECO:0000250|UniProtKB:P14094}. Note=Colocalizes with OBSCN at the intercalated disk and sarcolemma in cardiomyocytes. Localizes in long striations at the level of Z and M lines. {ECO:0000250|UniProtKB:P14094}.",,TOPO_DOM 1..34; /note=Cytoplasmic; /evidence=ECO:0000255; TOPO_DOM 63..303; /note=Extracellular; /evidence=ECO:0000255,TRANSMEM 35..62; /note=Helical; Signal-anchor for type II membrane protein; /evidence=ECO:0000255
P30273,FCER1G,117359560337915,"3,844591571","0,0001482644288","0,002209662628","-4,59511985",TRUE,TRUE,FALSE,significant,P30273,SUBCELLULAR LOCATION: Cell membrane {ECO:0000269|PubMed:8611682}; Single-pass type I membrane protein {ECO:0000269|PubMed:8611682}.,,TOPO_DOM 19..23; /note=Extracellular; /evidence=ECO:0000255; TOPO_DOM 45..86; /note=Cytoplasmic; /evidence=ECO:0000255,TRANSMEM 24..44; /note=Helical; /evidence=ECO:0000255
P19438,TNFRSF1A,114187778664170,"3,470967492","0,0005969693012","0,007446357759","-4,59511985",TRUE,TRUE,FALSE,significant,P19438,"SUBCELLULAR LOCATION: Cell membrane {ECO:0000269|PubMed:22801493}; Single-pass type I membrane protein {ECO:0000269|PubMed:22801493}. Golgi apparatus membrane {ECO:0000269|PubMed:22801493}; Single-pass type I membrane protein {ECO:0000269|PubMed:22801493}. Secreted {ECO:0000269|PubMed:22801493}. Note=A secreted form is produced through proteolytic processing.; SUBCELLULAR LOCATION: [Isoform 4]: Secreted. Note=Lacks a Golgi-retention motif, is not membrane bound and therefore is secreted.",,TOPO_DOM 30..211; /note=Extracellular; /evidence=ECO:0000255; TOPO_DOM 233..455; /note=Cytoplasmic; /evidence=ECO:0000255,TRANSMEM 212..232; /note=Helical; /evidence=ECO:0000255
P14222,PRF1,105496172494378,"4,355633129","0,00001839152592","0,0003712038385","-4,59511985",TRUE,TRUE,FALSE,significant,P14222,"SUBCELLULAR LOCATION: Cytolytic granule {ECO:0000269|PubMed:20038786, ECO:0000269|PubMed:24088571}. Secreted. Cell membrane {ECO:0000269|PubMed:20889983, ECO:0000269|PubMed:21037563}; Multi-pass membrane protein {ECO:0000269|PubMed:20889983, ECO:0000269|PubMed:21037563}. Endosome lumen {ECO:0000269|PubMed:20038786}. Note=Stored in cytolytic granules of cytolytic T-lymphocytes and secreted into the cleft between T-lymphocyte and target cell (PubMed:20038786). Inserts into the cell membrane of target cells and forms pores (PubMed:20889983). Membrane insertion and pore formation requires a major conformation change (PubMed:20889983). May be taken up via endocytosis involving clathrin-coated vesicles and accumulate in a first time in large early endosomes (PubMed:20038786). {ECO:0000269|PubMed:20038786, ECO:0000269|PubMed:20889983}.",,,TRANSMEM 129..149; /note=Beta stranded; Name=CH1; /evidence=ECO:0000250|UniProtKB:P10820; TRANSMEM 257..279; /note=Beta stranded; Name=CH2; /evidence=ECO:0000250|UniProtKB:P10820
Q08289,CACNB2,162108091699628,"4,815804782","0,000002358366178","0,00005938794831","-4,59511985",TRUE,TRUE,FALSE,significant,Q08289,"SUBCELLULAR LOCATION: Cell membrane, sarcolemma {ECO:0000250}; Peripheral membrane protein {ECO:0000250}; Cytoplasmic side {ECO:0000250}.",,,
P48426,PIP4K2A,94760452097847,"3,97381242","0,00008920268113","0,001430856613","-4,59511985",TRUE,TRUE,FALSE,significant,P48426,"SUBCELLULAR LOCATION: Cell membrane {ECO:0000250|UniProtKB:O70172}. Nucleus {ECO:0000269|PubMed:20583997}. Lysosome {ECO:0000250|UniProtKB:O70172}. Cytoplasm {ECO:0000269|PubMed:20583997}. Photoreceptor inner segment {ECO:0000250|UniProtKB:O70172}. Cell projection, cilium, photoreceptor outer segment {ECO:0000250|UniProtKB:O70172}. Note=May translocate from the cytosol to the cell membrane upon activation of tyrosine phosphorylation. May translocate from the inner to the outer segments of the rod photoreceptor cells in response to light (By similarity). Localization to the nucleus is modulated by the interaction with PIP4K2B. {ECO:0000250|UniProtKB:O70172, ECO:0000269|PubMed:20583997}.",,,
Q6ZWK4,RHEX,93236075037736,"4,54252754","0,000008144269962","0,0001807263","-4,59511985",TRUE,TRUE,FALSE,significant,Q6ZWK4,SUBCELLULAR LOCATION: Cell membrane {ECO:0000269|PubMed:25092874}; Single-pass membrane protein {ECO:0000255}.,,,TRANSMEM 9..29; /note=Helical; /evidence=ECO:0000255
P30203,CD6,91156732630683,"5,110709372","0,0000005813212804","0,00001729538461","-4,59511985",TRUE,TRUE,FALSE,significant,P30203,"SUBCELLULAR LOCATION: Cell membrane {ECO:0000269|PubMed:15048703, ECO:0000269|PubMed:15294938, ECO:0000269|PubMed:16352806, ECO:0000269|PubMed:16914752, ECO:0000269|PubMed:17371992, ECO:0000269|PubMed:17601777, ECO:0000269|PubMed:24945728, ECO:0000269|PubMed:9013954}; Single-pass type I membrane protein {ECO:0000269|PubMed:17371992}. Note=Detected at the immunological synapse, i.e, at the contact zone between antigen-presenting dendritic cells and T-cells (PubMed:15294938, PubMed:16352806). Colocalizes with the TCR/CD3 complex at the immunological synapse (PubMed:15294938). {ECO:0000269|PubMed:15294938}.; SUBCELLULAR LOCATION: [Soluble CD6]: Secreted {ECO:0000269|PubMed:17601777}. Note=The origins of the secreted form are not clear, but it might be created by proteolytic shedding of the ectodomain. {ECO:0000305}.",,TOPO_DOM 18..402; /note=Extracellular; /evidence=ECO:0000255; TOPO_DOM 424..668; /note=Cytoplasmic; /evidence=ECO:0000255,TRANSMEM 403..423; /note=Helical; /evidence=ECO:0000255
Q9UGH3,SLC23A2,78676099670652,"6,351483145","0,0000000008159001547","0,0000000471519852","-4,59511985",TRUE,TRUE,FALSE,significant,A0A140VK48,SUBCELLULAR LOCATION: Cell membrane {ECO:0000269|PubMed:19379732}; Multi-pass membrane protein {ECO:0000269|PubMed:19379732}.,INTRAMEM 289..302; /note=Helical; /evidence=ECO:0000255,TOPO_DOM 9..110; /note=Cytoplasmic; /evidence=ECO:0000255; TOPO_DOM 132..139; /note=Extracellular; /evidence=ECO:0000255; TOPO_DOM 161; /note=Cytoplasmic; /evidence=ECO:0000255; TOPO_DOM 183..218; /note=Extracellular; /evidence=ECO:0000255; TOPO_DOM 240..266; /note=Cytoplasmic; /evidence=ECO:0000255; TOPO_DOM 285..288; /note=Extracellular; /evidence=ECO:0000255; TOPO_DOM 303..309; /note=Extracellular; /evidence=ECO:0000255; TOPO_DOM 331..371; /note=Cytoplasmic; /evidence=ECO:0000255; TOPO_DOM 393..417; /note=Extracellular; /evidence=ECO:0000255; TOPO_DOM 439..461; /note=Cytoplasmic; /evidence=ECO:0000255; TOPO_DOM 483..485; /note=Extracellular; /evidence=ECO:0000255; TOPO_DOM 507..516; /note=Cytoplasmic; /evidence=ECO:0000255; TOPO_DOM 538..547; /note=Extracellular; /evidence=ECO:0000255; TOPO_DOM 569..650; /note=Cytoplasmic; /evidence=ECO:0000255,TRANSMEM 111..131; /note=Helical; /evidence=ECO:0000255; TRANSMEM 140..160; /note=Helical; /evidence=ECO:0000255; TRANSMEM 162..182; /note=Helical; /evidence=ECO:0000255; TRANSMEM 219..239; /note=Helical; /evidence=ECO:0000255; TRANSMEM 267..284; /note=Helical; /evidence=ECO:0000255; TRANSMEM 310..330; /note=Helical; /evidence=ECO:0000255; TRANSMEM 372..392; /note=Helical; /evidence=ECO:0000255; TRANSMEM 418..438; /note=Helical; /evidence=ECO:0000255; TRANSMEM 462..482; /note=Helical; /evidence=ECO:0000255; TRANSMEM 486..506; /note=Helical; /evidence=ECO:0000255; TRANSMEM 517..537; /note=Helical; /evidence=ECO:0000255; TRANSMEM 548..568; /note=Helical; /evidence=ECO:0000255
Q8TEZ7,PAQR8,77023758269921,"5,043278867","0,0000008052842424","0,00002310302971","-4,59511985",TRUE,TRUE,FALSE,significant,B3KXW6,"SUBCELLULAR LOCATION: Cell membrane {ECO:0000269|PubMed:11676489, ECO:0000303|PubMed:23763432}; Multi-pass membrane protein {ECO:0000255}. Note=Colocalizes with a lysosomal protein CTSD/cathepsin D. {ECO:0000269|PubMed:11676489}.",,TOPO_DOM 1..75; /note=Cytoplasmic; /evidence=ECO:0000255; TOPO_DOM 97..111; /note=Extracellular; /evidence=ECO:0000255; TOPO_DOM 133..174; /note=Cytoplasmic; /evidence=ECO:0000255; TOPO_DOM 196..213; /note=Extracellular; /evidence=ECO:0000255; TOPO_DOM 235..243; /note=Cytoplasmic; /evidence=ECO:0000255; TOPO_DOM 265..283; /note=Extracellular; /evidence=ECO:0000255; TOPO_DOM 305..319; /note=Cytoplasmic; /evidence=ECO:0000255; TOPO_DOM 341..354; /note=Extracellular; /evidence=ECO:0000255,TRANSMEM 76..96; /note=Helical; Name=1; /evidence=ECO:0000255; TRANSMEM 112..132; /note=Helical; Name=2; /evidence=ECO:0000255; TRANSMEM 175..195; /note=Helical; Name=3; /evidence=ECO:0000255; TRANSMEM 214..234; /note=Helical; Name=4; /evidence=ECO:0000255; TRANSMEM 244..264; /note=Helical; Name=5; /evidence=ECO:0000255; TRANSMEM 284..304; /note=Helical; Name=6; /evidence=ECO:0000255; TRANSMEM 320..340; /note=Helical; Name=7; /evidence=ECO:0000255
P00533,EGFR,76893296842023,"3,373943871","0,0008412202015","0,009864995444","-4,59511985",TRUE,TRUE,FALSE,significant,Q504U8,"SUBCELLULAR LOCATION: Cell membrane {ECO:0000269|PubMed:17182860, ECO:0000269|PubMed:20462955, ECO:0000269|PubMed:23589287, ECO:0000269|PubMed:27153536, ECO:0000269|PubMed:2790960}; Single-pass type I membrane protein {ECO:0000269|PubMed:27153536}. Endoplasmic reticulum membrane {ECO:0000269|PubMed:27153536}; Single-pass type I membrane protein. Golgi apparatus membrane; Single-pass type I membrane protein. Nucleus membrane; Single-pass type I membrane protein. Endosome {ECO:0000269|PubMed:17182860, ECO:0000269|PubMed:27153536}. Endosome membrane. Nucleus {ECO:0000269|PubMed:17115032, ECO:0000269|PubMed:17909029, ECO:0000269|PubMed:20551055, ECO:0000269|PubMed:20674546}. Note=In response to EGF, translocated from the cell membrane to the nucleus via Golgi and ER (PubMed:20674546, PubMed:17909029). Endocytosed upon activation by ligand (PubMed:2790960, PubMed:17182860, PubMed:27153536, PubMed:17909029). Colocalized with GPER1 in the nucleus of estrogen agonist-induced cancer-associated fibroblasts (CAF) (PubMed:20551055). {ECO:0000269|PubMed:17182860, ECO:0000269|PubMed:17909029, ECO:0000269|PubMed:20674546, ECO:0000269|PubMed:27153536, ECO:0000269|PubMed:2790960}.; SUBCELLULAR LOCATION: [Isoform 2]: Secreted.",,TOPO_DOM 25..645; /note=Extracellular; /evidence=ECO:0000255; TOPO_DOM 669..1210; /note=Cytoplasmic; /evidence=ECO:0000255,TRANSMEM 646..668; /note=Helical; /evidence=ECO:0000255
Q15262,PTPRK,-330089148246850,"-10,74495336",0,0,"-4,59511985",TRUE,FALSE,TRUE,significant,Q15262,"SUBCELLULAR LOCATION: Cell junction, adherens junction. Cell membrane; Single-pass type I membrane protein.",,TOPO_DOM 27..752; /note=Extracellular; /evidence=ECO:0000255; TOPO_DOM 775..1439; /note=Cytoplasmic; /evidence=ECO:0000255,TRANSMEM 753..774; /note=Helical; /evidence=ECO:0000255
P49682,CXCR3,74050271471830,"5,555398927","0,00000006240635413","0,000002288194164","-4,59511985",TRUE,TRUE,FALSE,significant,P49682,SUBCELLULAR LOCATION: [Isoform 1]: Cell membrane {ECO:0000269|PubMed:12782716}; Multi-pass membrane protein {ECO:0000269|PubMed:12782716}.; SUBCELLULAR LOCATION: [Isoform 2]: Cell membrane {ECO:0000269|PubMed:12782716}; Multi-pass membrane protein {ECO:0000269|PubMed:12782716}.,,TOPO_DOM 1..53; /note=Extracellular; /evidence=ECO:0000255; TOPO_DOM 81..89; /note=Cytoplasmic; /evidence=ECO:0000255; TOPO_DOM 111..125; /note=Extracellular; /evidence=ECO:0000255; TOPO_DOM 148..169; /note=Cytoplasmic; /evidence=ECO:0000255; TOPO_DOM 190..212; /note=Extracellular; /evidence=ECO:0000255; TOPO_DOM 234..255; /note=Cytoplasmic; /evidence=ECO:0000255; TOPO_DOM 278..298; /note=Extracellular; /evidence=ECO:0000255; TOPO_DOM 322..368; /note=Cytoplasmic; /evidence=ECO:0000255,TRANSMEM 54..80; /note=Helical; Name=1; /evidence=ECO:0000255; TRANSMEM 90..110; /note=Helical; Name=2; /evidence=ECO:0000255; TRANSMEM 126..147; /note=Helical; Name=3; /evidence=ECO:0000255; TRANSMEM 170..189; /note=Helical; Name=4; /evidence=ECO:0000255; TRANSMEM 213..233; /note=Helical; Name=5; /evidence=ECO:0000255; TRANSMEM 256..277; /note=Helical; Name=6; /evidence=ECO:0000255; TRANSMEM 299..321; /note=Helical; Name=7; /evidence=ECO:0000255
Q9UIB8,CD84,72204592546636,"5,681913669","0,00000003223795294","0,000001282017208","-4,59511985",TRUE,TRUE,FALSE,significant,Q9UIB8,"SUBCELLULAR LOCATION: Cell membrane {ECO:0000269|PubMed:11389028, ECO:0000269|PubMed:12962726}; Single-pass type I membrane protein {ECO:0000269|PubMed:11389028, ECO:0000269|PubMed:12962726}.",,TOPO_DOM 22..225; /note=Extracellular; /evidence=ECO:0000255; TOPO_DOM 247..345; /note=Cytoplasmic; /evidence=ECO:0000255,TRANSMEM 226..246; /note=Helical; /evidence=ECO:0000255
Q9H4M9,EHD1,62915682061712,"7,59823452",0,0,"-4,59511985",TRUE,TRUE,FALSE,significant,B2R5U3,"SUBCELLULAR LOCATION: Recycling endosome membrane {ECO:0000269|PubMed:15020713, ECO:0000269|PubMed:17233914, ECO:0000269|PubMed:19864458, ECO:0000269|PubMed:23596323}; Peripheral membrane protein {ECO:0000305}; Cytoplasmic side {ECO:0000305}. Early endosome membrane {ECO:0000269|PubMed:15020713}; Peripheral membrane protein {ECO:0000305}; Cytoplasmic side {ECO:0000305}. Cell membrane {ECO:0000250|UniProtKB:Q9WVK4}; Peripheral membrane protein {ECO:0000305}; Cytoplasmic side {ECO:0000305}. Cell projection, cilium membrane {ECO:0000269|PubMed:25686250}; Peripheral membrane protein {ECO:0000305}; Cytoplasmic side {ECO:0000305}. Note=Preferentially associates with tubular recycling endosomes (PubMed:15020713, PubMed:17233914, PubMed:19864458, PubMed:23596323). Colocalizes with FER1L5 at plasma membrane in myoblasts and myotubes (By similarity). Localizes to the ciliary pocket from where the cilium protrudes (PubMed:25686250). Colocalizes with BACE1 in tubulovesicular cytoplasmic membranes. Colocalizes with BACE1 and APP amyloid beta proteins in hippocampal mossy fiber terminals (By similarity). {ECO:0000250|UniProtKB:Q9WVK4, ECO:0000269|PubMed:15020713, ECO:0000269|PubMed:17233914, ECO:0000269|PubMed:19864458, ECO:0000269|PubMed:23596323, ECO:0000269|PubMed:25686250}.",,,
Q8N5H7,SH2D3C,58746883388717,"3,671429714","0,0002867755486","0,003954906068","-4,59511985",TRUE,TRUE,FALSE,significant,B4DG32,"SUBCELLULAR LOCATION: Cytoplasm {ECO:0000269|PubMed:12432078, ECO:0000269|PubMed:17174122}. Cell membrane {ECO:0000269|PubMed:12432078}; Peripheral membrane protein {ECO:0000250|UniProtKB:Q9QZS8}. Cell projection, axon {ECO:0000250|UniProtKB:Q9QZS8}. Cell projection, ruffle membrane {ECO:0000250|UniProtKB:Q9QZS8}. Note=Associated with the membrane when EGF-stimulated (By similarity). Expressed at the cortical actin ring in B cells (By similarity). {ECO:0000250|UniProtKB:Q9QZS8}.; SUBCELLULAR LOCATION: [Isoform 1]: Cell membrane {ECO:0000269|PubMed:17174122}; Peripheral membrane protein {ECO:0000269|PubMed:17174122}.",,,
Q9NS86,LANCL2,48393154264564,"3,445237614","0,0006543091617","0,008061450147","-4,59511985",TRUE,TRUE,FALSE,significant,B3KTN5,"SUBCELLULAR LOCATION: Nucleus {ECO:0000269|PubMed:12566319}. Cytoplasm {ECO:0000269|PubMed:12566319}. Cell membrane {ECO:0000269|PubMed:12566319, ECO:0000269|PubMed:16979580}. Note=Localizes to the juxta-nuclear vesicles (PubMed:16979580). Associates with the cortical actin cytoskeleton (PubMed:16979580). Cholesterol depletion by methyl-beta-cyclodextrin causes partial dissociation from the cell membrane in vitro and an enhanced cell detachment from the matrix in vivo (PubMed:16979580). Membrane-association is important for the increased cellular sensitivity to an anticancer drug (adriamycin) (PubMed:16979580). {ECO:0000269|PubMed:16979580}.",,,
Q6PCB8,EMB,303152388390748,"4,87993189","0,000001748847075","0,00004517198892","-4,59511985",TRUE,TRUE,FALSE,significant,Q6PCB8,SUBCELLULAR LOCATION: Cell membrane {ECO:0000250|UniProtKB:O88775}; Single-pass type I membrane protein {ECO:0000250|UniProtKB:O88775}. Synapse {ECO:0000250|UniProtKB:P21995}. Note=Localizes to the neuromuscular junctions. {ECO:0000250|UniProtKB:P21995}.,,TOPO_DOM 33..260; /note=Extracellular; /evidence=ECO:0000255; TOPO_DOM 282..327; /note=Cytoplasmic; /evidence=ECO:0000255,TRANSMEM 261..281; /note=Helical; /evidence=ECO:0000255
P16284,PECAM1,47569720683079,"4,211951662","0,00003377111132","0,000630891482","-4,59511985",TRUE,TRUE,FALSE,significant,A0A075B738,"SUBCELLULAR LOCATION: Cell membrane {ECO:0000269|PubMed:17580308}; Single-pass type I membrane protein {ECO:0000305}. Note=Cell surface expression on neutrophils is down-regulated upon fMLP or CXCL8/IL8-mediated stimulation. {ECO:0000269|PubMed:17580308}.; SUBCELLULAR LOCATION: [Isoform Long]: Cell membrane {ECO:0000269|PubMed:18388311, ECO:0000269|PubMed:19342684}; Single-pass type I membrane protein {ECO:0000305|PubMed:18388311}. Membrane raft {ECO:0000269|PubMed:17139370, ECO:0000269|PubMed:22496122}. Cell junction {ECO:0000269|PubMed:18388311}. Note=Localizes to the lateral border recycling compartment (LBRC) and recycles from the LBRC to the junction in resting endothelial cells. {ECO:0000269|PubMed:19342684}.; SUBCELLULAR LOCATION: [Isoform Delta15]: Cell junction {ECO:0000269|PubMed:18388311}. Note=Localizes to the lateral border recycling compartment (LBRC) and recycles from the LBRC to the junction in resting endothelial cells.",,TOPO_DOM 28..601; /note=Extracellular; /evidence=ECO:0000255; TOPO_DOM 621..738; /note=Cytoplasmic; /evidence=ECO:0000255,TRANSMEM 602..620; /note=Helical; /evidence=ECO:0000255
P35221,CTNNA1,46577861399329,"4,00373829","0,00007914908703","0,001300213939","-4,59511985",TRUE,TRUE,FALSE,significant,G3XAM7,"SUBCELLULAR LOCATION: [Isoform 1]: Cytoplasm, cytoskeleton. Cell junction, adherens junction. Cell membrane; Peripheral membrane protein; Cytoplasmic side. Cell junction. Note=Found at cell-cell boundaries and probably at cell-matrix boundaries.; SUBCELLULAR LOCATION: [Isoform 3]: Cell membrane {ECO:0000269|PubMed:21708131}; Peripheral membrane protein {ECO:0000269|PubMed:21708131}; Cytoplasmic side {ECO:0000269|PubMed:21708131}.",,,
P15260,IFNGR1,-49421557722952,"-3,410327232","0,0007403665434","0,008951466195","-4,59511985",TRUE,FALSE,TRUE,significant,A0A0S2Z3Y2,"SUBCELLULAR LOCATION: Cell membrane {ECO:0000269|PubMed:10811850, ECO:0000269|PubMed:28883123}; Single-pass type I membrane protein {ECO:0000255}.",,TOPO_DOM 18..245; /note=Extracellular; /evidence=ECO:0000255; TOPO_DOM 267..489; /note=Cytoplasmic; /evidence=ECO:0000255,TRANSMEM 246..266; /note=Helical; /evidence=ECO:0000255
Q13433,SLC39A6,-54281600213991,"-3,475811918","0,0005867135468","0,007375696278","-4,59511985",TRUE,FALSE,TRUE,significant,Q13433,"SUBCELLULAR LOCATION: Cell membrane {ECO:0000269|PubMed:18272141}; Multi-pass membrane protein {ECO:0000255}. Cell projection, lamellipodium membrane {ECO:0000269|PubMed:12839489}; Multi-pass membrane protein {ECO:0000269|PubMed:12839489}. Membrane raft {ECO:0000269|PubMed:34394081}; Multi-pass membrane protein {ECO:0000255}. Apical cell membrane {ECO:0000250|UniProtKB:Q4V887}. Note=Localizes to lipid rafts in T cells and is recruited into the immunological synapse in response to TCR stimulation (PubMed:34394081). In the choroid plexus is limited to the apical membrane in epithelial cells (By similarity). {ECO:0000250|UniProtKB:Q4V887, ECO:0000269|PubMed:34394081}.",,TOPO_DOM 29..325; /note=Extracellular; /evidence=ECO:0000269|PubMed:12839489; TOPO_DOM 347..355; /note=Cytoplasmic; /evidence=ECO:0000255; TOPO_DOM 377..423; /note=Extracellular; /evidence=ECO:0000255; TOPO_DOM 445..657; /note=Cytoplasmic; /evidence=ECO:0000255; TOPO_DOM 679..686; /note=Extracellular; /evidence=ECO:0000255; TOPO_DOM 708..724; /note=Cytoplasmic; /evidence=ECO:0000255; TOPO_DOM 746..755; /note=Extracellular; /evidence=ECO:0000269|PubMed:12839489,TRANSMEM 326..346; /note=Helical; Name=1; /evidence=ECO:0000255; TRANSMEM 356..376; /note=Helical; Name=2; /evidence=ECO:0000255; TRANSMEM 424..444; /note=Helical; Name=3; /evidence=ECO:0000255; TRANSMEM 658..678; /note=Helical; Name=4; /evidence=ECO:0000255; TRANSMEM 687..707; /note=Helical; Name=5; /evidence=ECO:0000255; TRANSMEM 725..745; /note=Helical; Name=6; /evidence=ECO:0000255
Q8NG11,TSPAN14,-71071220298383,"-5,36789607","0,0000001627004412","0,00000553801968","-4,59511985",TRUE,FALSE,TRUE,significant,Q8NG11,SUBCELLULAR LOCATION: Cell membrane {ECO:0000269|PubMed:26686862}; Multi-pass membrane protein {ECO:0000305}.,,TOPO_DOM 1..17; /note=Cytoplasmic; /evidence=ECO:0000305; TOPO_DOM 39..61; /note=Extracellular; /evidence=ECO:0000305; TOPO_DOM 83..92; /note=Cytoplasmic; /evidence=ECO:0000305; TOPO_DOM 114..232; /note=Extracellular; /evidence=ECO:0000305; TOPO_DOM 254..270; /note=Cytoplasmic; /evidence=ECO:0000305,TRANSMEM 18..38; /note=Helical; /evidence=ECO:0000255; TRANSMEM 62..82; /note=Helical; /evidence=ECO:0000255; TRANSMEM 93..113; /note=Helical; /evidence=ECO:0000255; TRANSMEM 233..253; /note=Helical; /evidence=ECO:0000255
Q86VZ1,P2RY8,419385011602674,"6,6643575","0,0000000001324702696","0,000000009253336308","-4,59511985",TRUE,TRUE,FALSE,significant,Q86VZ1,SUBCELLULAR LOCATION: Cell membrane; Multi-pass membrane protein.,,TOPO_DOM 1..19; /note=Extracellular; /evidence=ECO:0000255; TOPO_DOM 41..57; /note=Cytoplasmic; /evidence=ECO:0000255; TOPO_DOM 79..88; /note=Extracellular; /evidence=ECO:0000255; TOPO_DOM 110..138; /note=Cytoplasmic; /evidence=ECO:0000255; TOPO_DOM 160..187; /note=Extracellular; /evidence=ECO:0000255; TOPO_DOM 209..237; /note=Cytoplasmic; /evidence=ECO:0000255; TOPO_DOM 259..275; /note=Extracellular; /evidence=ECO:0000255; TOPO_DOM 297..359; /note=Cytoplasmic; /evidence=ECO:0000255,TRANSMEM 20..40; /note=Helical; Name=1; /evidence=ECO:0000255; TRANSMEM 58..78; /note=Helical; Name=2; /evidence=ECO:0000255; TRANSMEM 89..109; /note=Helical; Name=3; /evidence=ECO:0000255; TRANSMEM 139..159; /note=Helical; Name=4; /evidence=ECO:0000255; TRANSMEM 188..208; /note=Helical; Name=5; /evidence=ECO:0000255; TRANSMEM 238..258; /note=Helical; Name=6; /evidence=ECO:0000255; TRANSMEM 276..296; /note=Helical; Name=7; /evidence=ECO:0000255
Q8TEU7,RAPGEF6,-72623964500787,"-4,360994489","0,00001797353986","0,0003645996103","-4,59511985",TRUE,FALSE,TRUE,significant,B2RTU6,"SUBCELLULAR LOCATION: Cytoplasm {ECO:0000269|PubMed:11524421}. Cell membrane {ECO:0000269|PubMed:11524421}. Note=Upon binding to M-Ras, it translocates to the plasma membrane.",,,
Q7L804,RAB11FIP2,-73057732353956,"-3,867377961","0,0001356908643","0,002052739572","-4,59511985",TRUE,FALSE,TRUE,significant,Q7L804,"SUBCELLULAR LOCATION: Cell projection, phagocytic cup {ECO:0000269|PubMed:30883606}. Cell membrane; Peripheral membrane protein. Recycling endosome membrane; Peripheral membrane protein. Note=Translocates with RAB11A from the vesicles of the endocytic recycling compartment (ERC) to the plasma membrane.",,,
B0I1T2,MYO1G,-76561141678136,"-4,97312441","0,000001126299511","0,00003077402712","-4,59511985",TRUE,FALSE,TRUE,significant,B0I1T2,"SUBCELLULAR LOCATION: Cell membrane {ECO:0000269|PubMed:19968988, ECO:0000269|PubMed:20071333}; Peripheral membrane protein {ECO:0000269|PubMed:19968988, ECO:0000269|PubMed:20071333}. Cell projection, phagocytic cup {ECO:0000250|UniProtKB:Q5SUA5}. Note=Recruited to Fc-gamma receptor (Fc-gamma-R) phagocytic cup. In T-cells, transiently accumulates in discrete areas at the plasma membrane of migrating cells or when membranes are deformed (By similarity). Localization at the membrane is not highly dependent on phosphatidylinositol 4,5-bisphosphate levels. Released from the membrane in the presence of ATP. May be enriched in peripheral processes, such as microvilli or ruffles. {ECO:0000250|UniProtKB:Q5SUA5, ECO:0000269|PubMed:20071333}.",,,
P36897,TGFBR1,-77902880260044,"-3,397309851","0,0007750774453","0,00929283152","-4,59511985",TRUE,FALSE,TRUE,significant,B4DXN7,"SUBCELLULAR LOCATION: Cell membrane {ECO:0000269|PubMed:21791611, ECO:0000269|PubMed:25893292, ECO:0000269|PubMed:9472030}; Single-pass type I membrane protein {ECO:0000269|PubMed:9472030}. Cell junction, tight junction {ECO:0000269|PubMed:15761148}. Cell surface {ECO:0000269|PubMed:25893292}. Membrane raft {ECO:0000269|PubMed:25893292}.",,TOPO_DOM 34..126; /note=Extracellular; /evidence=ECO:0000255; TOPO_DOM 148..503; /note=Cytoplasmic; /evidence=ECO:0000255,TRANSMEM 127..147; /note=Helical; /evidence=ECO:0000255
P22694,PRKACB,-90633899385489,"-3,455941535","0,0006298565207","0,007796051511","-4,59511985",TRUE,FALSE,TRUE,significant,P22694,SUBCELLULAR LOCATION: Cytoplasm {ECO:0000269|PubMed:21423175}. Cell membrane {ECO:0000269|PubMed:21423175}. Membrane {ECO:0000305}; Lipid-anchor {ECO:0000305}. Nucleus {ECO:0000250|UniProtKB:P05131}. Note=Translocates into the nucleus (monomeric catalytic subunit). The inactive holoenzyme is found in the cytoplasm. {ECO:0000250|UniProtKB:P05131}.,,,
Q6GTX8,LAIR1,-97504950083264,"-5,315475898","0,0000002117341427","0,000006914066537","-4,59511985",TRUE,FALSE,TRUE,significant,Q6GTX8,"SUBCELLULAR LOCATION: Cell membrane {ECO:0000269|PubMed:10229813, ECO:0000269|PubMed:11160222, ECO:0000269|PubMed:9285412}; Single-pass type I membrane protein {ECO:0000269|PubMed:10229813, ECO:0000269|PubMed:11160222, ECO:0000269|PubMed:9285412}.",,TOPO_DOM 22..165; /note=Extracellular; /evidence=ECO:0000255; TOPO_DOM 187..287; /note=Cytoplasmic; /evidence=ECO:0000255,TRANSMEM 166..186; /note=Helical; /evidence=ECO:0000255
Q7Z7A4,PXK,-99023759138367,"-7,035479492",0,"0,000000001116861995","-4,59511985",TRUE,FALSE,TRUE,significant,A0A0C4DG95,SUBCELLULAR LOCATION: Cytoplasm {ECO:0000269|PubMed:16142408}. Cell membrane {ECO:0000269|PubMed:16142408}; Peripheral membrane protein {ECO:0000269|PubMed:16142408}. Note=Also associates with the plasma membrane. Isoform 3 is present throughout the cell.,,,
Q93096,PTP4A1,-101576689832316,"-5,911676005","0,000000009443726319","0,0000004214525195","-4,59511985",TRUE,FALSE,TRUE,significant,A0A024R8J2,"SUBCELLULAR LOCATION: Cell membrane {ECO:0000269|PubMed:10940933, ECO:0000269|PubMed:15571731}; Lipid-anchor {ECO:0000269|PubMed:10940933, ECO:0000269|PubMed:12235145, ECO:0000269|PubMed:15571731}. Early endosome {ECO:0000269|PubMed:12235145}. Endoplasmic reticulum {ECO:0000269|PubMed:12235145}. Cytoplasm {ECO:0000269|PubMed:12235145}. Cytoplasm, cytoskeleton, spindle {ECO:0000269|PubMed:12235145}. Nucleus {ECO:0000250|UniProtKB:Q78EG7}. Note=And mitotic spindle. {ECO:0000269|PubMed:12235145}.",,,
Q8WWI5,SLC44A1,-109189880966000,"-5,971005941","0,000000006837901254","0,0000003193538417","-4,59511985",TRUE,FALSE,TRUE,significant,Q8WWI5,"SUBCELLULAR LOCATION: Cell membrane {ECO:0000269|PubMed:19357133, ECO:0000269|PubMed:31855247}; Multi-pass membrane protein {ECO:0000269|PubMed:19357133}. Mitochondrion outer membrane {ECO:0000269|PubMed:19357133}; Multi-pass membrane protein {ECO:0000269|PubMed:19357133}.",,TOPO_DOM 2..30; /note=Cytoplasmic; /evidence=ECO:0000255; TOPO_DOM 52..212; /note=Mitochondrial intermembrane; /evidence=ECO:0000255; TOPO_DOM 234..238; /note=Cytoplasmic; /evidence=ECO:0000255; TOPO_DOM 260..288; /note=Mitochondrial intermembrane; /evidence=ECO:0000255; TOPO_DOM 310..315; /note=Cytoplasmic; /evidence=ECO:0000255; TOPO_DOM 337..338; /note=Mitochondrial intermembrane; /evidence=ECO:0000255; TOPO_DOM 360..380; /note=Cytoplasmic; /evidence=ECO:0000255; TOPO_DOM 402..537; /note=Mitochondrial intermembrane; /evidence=ECO:0000255; TOPO_DOM 559..566; /note=Cytoplasmic; /evidence=ECO:0000255; TOPO_DOM 588..653; /note=Mitochondrial intermembrane; /evidence=ECO:0000255,TRANSMEM 31..51; /note=Helical; /evidence=ECO:0000255; TRANSMEM 213..233; /note=Helical; /evidence=ECO:0000255; TRANSMEM 239..259; /note=Helical; /evidence=ECO:0000255; TRANSMEM 289..309; /note=Helical; /evidence=ECO:0000255; TRANSMEM 316..336; /note=Helical; /evidence=ECO:0000255; TRANSMEM 339..359; /note=Helical; /evidence=ECO:0000255; TRANSMEM 381..401; /note=Helical; /evidence=ECO:0000255; TRANSMEM 538..558; /note=Helical; /evidence=ECO:0000255; TRANSMEM 567..587; /note=Helical; /evidence=ECO:0000255
Q8WYR1,PIK3R5,-187025990653464,"-5,556585161","0,00000006202427153","0,000002285509051","-4,59511985",TRUE,FALSE,TRUE,significant,L7RT34,SUBCELLULAR LOCATION: Nucleus {ECO:0000250|UniProtKB:O02696}. Cytoplasm {ECO:0000250|UniProtKB:O02696}. Cell membrane {ECO:0000250|UniProtKB:O02696}; Peripheral membrane protein {ECO:0000250|UniProtKB:O02696}. Note=Predominantly localized in the nucleus in absence of PIK3CG/p120. Colocalizes with PIK3CG/p120 in the cytoplasm. Translocated to the plasma membrane in a beta-gamma G protein-dependent manner. {ECO:0000250|UniProtKB:O02696}.,,,
P11169,SLC2A3,-124634230447045,"-6,480986169","0,0000000003873384804","0,0000000248919201","-4,59511985",TRUE,FALSE,TRUE,significant,P11169,"SUBCELLULAR LOCATION: Cell membrane {ECO:0000269|PubMed:9477959, ECO:0000305|PubMed:26176916}; Multi-pass membrane protein {ECO:0000269|PubMed:26176916}. Perikaryon {ECO:0000250|UniProtKB:Q07647}. Cell projection {ECO:0000250|UniProtKB:Q07647}. Note=Localized to densely spaced patches along neuronal processes. {ECO:0000250|UniProtKB:Q07647}.",,TOPO_DOM 1..10; /note=Cytoplasmic; /evidence=ECO:0000305; TOPO_DOM 33..64; /note=Extracellular; /evidence=ECO:0000305; TOPO_DOM 86..90; /note=Cytoplasmic; /evidence=ECO:0000305; TOPO_DOM 112..118; /note=Extracellular; /evidence=ECO:0000305; TOPO_DOM 143..153; /note=Cytoplasmic; /evidence=ECO:0000305; TOPO_DOM 175..183; /note=Extracellular; /evidence=ECO:0000305; TOPO_DOM 205..269; /note=Cytoplasmic; /evidence=ECO:0000305; TOPO_DOM 291..304; /note=Extracellular; /evidence=ECO:0000305; TOPO_DOM 326..331; /note=Cytoplasmic; /evidence=ECO:0000305; TOPO_DOM 353..363; /note=Extracellular; /evidence=ECO:0000305; TOPO_DOM 390..399; /note=Cytoplasmic; /evidence=ECO:0000305; TOPO_DOM 421..429; /note=Extracellular; /evidence=ECO:0000305; TOPO_DOM 451..496; /note=Cytoplasmic; /evidence=ECO:0000305,"TRANSMEM 11..32; /note=Helical; Name=1; /evidence=ECO:0000255, ECO:0000269|PubMed:26176916; TRANSMEM 65..85; /note=Helical; Name=2; /evidence=ECO:0000255, ECO:0000269|PubMed:26176916; TRANSMEM 91..111; /note=Helical; Name=3; /evidence=ECO:0000255, ECO:0000269|PubMed:26176916; TRANSMEM 119..142; /note=Helical; Name=4; /evidence=ECO:0000255, ECO:0000269|PubMed:26176916; TRANSMEM 154..174; /note=Helical; Name=5; /evidence=ECO:0000255, ECO:0000269|PubMed:26176916; TRANSMEM 184..204; /note=Helical; Name=6; /evidence=ECO:0000255, ECO:0000269|PubMed:26176916; TRANSMEM 270..290; /note=Helical; Name=7; /evidence=ECO:0000255, ECO:0000269|PubMed:26176916; TRANSMEM 305..325; /note=Helical; Name=8; /evidence=ECO:0000255, ECO:0000269|PubMed:26176916; TRANSMEM 332..352; /note=Helical; Name=9; /evidence=ECO:0000255, ECO:0000269|PubMed:26176916; TRANSMEM 364..389; /note=Helical; Name=10; /evidence=ECO:0000255, ECO:0000269|PubMed:26176916; TRANSMEM 400..420; /note=Helical; Name=11; /evidence=ECO:0000255, ECO:0000269|PubMed:26176916; TRANSMEM 430..450; /note=Helical; Name=12; /evidence=ECO:0000255, ECO:0000269|PubMed:26176916"
P30511,HLA-F,-125645698857502,"-3,77286396","0,0001954319685","0,002818500904","-4,59511985",TRUE,FALSE,TRUE,significant,P30511,"SUBCELLULAR LOCATION: Cell membrane {ECO:0000269|PubMed:16709803, ECO:0000269|PubMed:23851683, ECO:0000305|PubMed:27455421}; Single-pass type I membrane protein. Early endosome membrane {ECO:0000269|PubMed:23851683}. Lysosome membrane {ECO:0000269|PubMed:23851683}. Note=For cross-presentation transits from the cell surface through endosomal pathway to lysosomes, where the peptide is generated from internalized exogenous antigen. {ECO:0000269|PubMed:23851683}.",,TOPO_DOM 22..305; /note=Extracellular; /evidence=ECO:0000255; TOPO_DOM 330..346; /note=Cytoplasmic; /evidence=ECO:0000255,TRANSMEM 306..329; /note=Helical; /evidence=ECO:0000255
Q01650,SLC7A5,-126455701107403,"-3,559736269","0,000433229767","0,005723905787","-4,59511985",TRUE,FALSE,TRUE,significant,Q01650,"SUBCELLULAR LOCATION: Apical cell membrane {ECO:0000269|PubMed:11742812}; Multi-pass membrane protein {ECO:0000269|PubMed:30867591}. Cell membrane {ECO:0000269|PubMed:11557028, ECO:0000269|PubMed:12225859, ECO:0000269|PubMed:25998567, ECO:0000269|PubMed:9751058}; Multi-pass membrane protein {ECO:0000269|PubMed:30867591}. Lysosome membrane {ECO:0000269|PubMed:25998567}; Multi-pass membrane protein {ECO:0000305|PubMed:25998567}. Note=Located to the plasma membrane by SLC3A2/4F2hc (PubMed:9751058). Localized to the apical membrane of placental syncytiotrophoblastic cells (PubMed:11742812). Recruited to lysosomes by LAPTM4B (PubMed:25998567). {ECO:0000269|PubMed:11742812, ECO:0000269|PubMed:25998567, ECO:0000269|PubMed:9751058}.",,TOPO_DOM 1..49; /note=Cytoplasmic; /evidence=ECO:0000305; TOPO_DOM 71..83; /note=Extracellular; /evidence=ECO:0000305; TOPO_DOM 105..126; /note=Cytoplasmic; /evidence=ECO:0000305; TOPO_DOM 148..169; /note=Extracellular; /evidence=ECO:0000305; TOPO_DOM 191..192; /note=Cytoplasmic; /evidence=ECO:0000305; TOPO_DOM 215..242; /note=Extracellular; /evidence=ECO:0000305; TOPO_DOM 264..276; /note=Cytoplasmic; /evidence=ECO:0000305; TOPO_DOM 298..324; /note=Extracellular; /evidence=ECO:0000305; TOPO_DOM 346..369; /note=Cytoplasmic; /evidence=ECO:0000305; TOPO_DOM 391..395; /note=Extracellular; /evidence=ECO:0000305; TOPO_DOM 417..430; /note=Cytoplasmic; /evidence=ECO:0000305; TOPO_DOM 452..457; /note=Extracellular; /evidence=ECO:0000305; TOPO_DOM 479..507; /note=Cytoplasmic; /evidence=ECO:0000305,TRANSMEM 50..70; /note=Helical; /evidence=ECO:0000269|PubMed:30867591; TRANSMEM 84..104; /note=Helical; /evidence=ECO:0000269|PubMed:30867591; TRANSMEM 127..147; /note=Helical; /evidence=ECO:0000269|PubMed:30867591; TRANSMEM 170..190; /note=Helical; /evidence=ECO:0000269|PubMed:30867591; TRANSMEM 193..214; /note=Helical; /evidence=ECO:0000269|PubMed:30867591; TRANSMEM 243..263; /note=Helical; /evidence=ECO:0000269|PubMed:30867591; TRANSMEM 277..297; /note=Helical; /evidence=ECO:0000269|PubMed:30867591; TRANSMEM 325..345; /note=Helical; /evidence=ECO:0000269|PubMed:30867591; TRANSMEM 370..390; /note=Helical; /evidence=ECO:0000269|PubMed:30867591; TRANSMEM 396..416; /note=Helical; /evidence=ECO:0000269|PubMed:30867591; TRANSMEM 431..451; /note=Helical; /evidence=ECO:0000269|PubMed:30867591; TRANSMEM 458..478; /note=Helical; /evidence=ECO:0000269|PubMed:30867591
P21453,S1PR1,-128099859665270,"-3,811216458","0,0001686859999","0,002477247966","-4,59511985",TRUE,FALSE,TRUE,significant,P21453,SUBCELLULAR LOCATION: Cell membrane {ECO:0000269|PubMed:29185452}; Multi-pass membrane protein. Endosome. Membrane raft. Note=Recruited to caveolin-enriched plasma membrane microdomains in response to oxidized 1-palmitoyl-2-arachidonoyl-sn-glycero-3-phosphocholine. Ligand binding leads to receptor internalization.,,TOPO_DOM 1..46; /note=Extracellular; /evidence=ECO:0000269|PubMed:15750791; TOPO_DOM 69..82; /note=Cytoplasmic; /evidence=ECO:0000269|PubMed:15750791; TOPO_DOM 105..116; /note=Extracellular; /evidence=ECO:0000269|PubMed:15750791; TOPO_DOM 139..160; /note=Cytoplasmic; /evidence=ECO:0000269|PubMed:15750791; TOPO_DOM 183..196; /note=Extracellular; /evidence=ECO:0000269|PubMed:15750791; TOPO_DOM 225..257; /note=Cytoplasmic; /evidence=ECO:0000269|PubMed:15750791; TOPO_DOM 279..289; /note=Extracellular; /evidence=ECO:0000269|PubMed:15750791; TOPO_DOM 311..382; /note=Cytoplasmic; /evidence=ECO:0000269|PubMed:15750791,TRANSMEM 47..68; /note=Helical; Name=1; TRANSMEM 83..104; /note=Helical; Name=2; TRANSMEM 117..138; /note=Helical; Name=3; TRANSMEM 161..182; /note=Helical; Name=4; TRANSMEM 197..224; /note=Helical; Name=5; TRANSMEM 258..278; /note=Helical; Name=6; TRANSMEM 290..310; /note=Helical; Name=7
Q92508,PIEZO1,-130025210471374,"-3,401857023","0,0007627833765","0,009186565013","-4,59511985",TRUE,FALSE,TRUE,significant,Q92508,"SUBCELLULAR LOCATION: Endoplasmic reticulum membrane {ECO:0000269|PubMed:20016066}; Multi-pass membrane protein. Endoplasmic reticulum-Golgi intermediate compartment membrane {ECO:0000250|UniProtKB:Q0KL00}. Cell membrane {ECO:0000269|PubMed:22529292, ECO:0000269|PubMed:23479567}; Multi-pass membrane protein {ECO:0000305}. Cell projection, lamellipodium membrane {ECO:0000269|PubMed:25119035}. Note=In erythrocytes, located in the plasma membrane (PubMed:22529292, PubMed:23479567). Accumulates at the leading apical lamellipodia of endothelial cells in response to shear stress (PubMed:25119035). Colocalizes with F-actin and MYH9 at the actomyosin cortex in myoblasts. {ECO:0000250|UniProtKB:E2JF22, ECO:0000269|PubMed:22529292, ECO:0000269|PubMed:23479567, ECO:0000269|PubMed:25119035}.",,TOPO_DOM 2198..2431; /note=Extracellular; /evidence=ECO:0000250|UniProtKB:E2JF22,TRANSMEM 5..25; /note=Helical; /evidence=ECO:0000255; TRANSMEM 27..47; /note=Helical; /evidence=ECO:0000255; TRANSMEM 64..84; /note=Helical; /evidence=ECO:0000255; TRANSMEM 118..138; /note=Helical; /evidence=ECO:0000255; TRANSMEM 194..214; /note=Helical; /evidence=ECO:0000255; TRANSMEM 218..238; /note=Helical; /evidence=ECO:0000255; TRANSMEM 248..268; /note=Helical; /evidence=ECO:0000255; TRANSMEM 302..322; /note=Helical; /evidence=ECO:0000255; TRANSMEM 428..448; /note=Helical; /evidence=ECO:0000255; TRANSMEM 460..480; /note=Helical; /evidence=ECO:0000255; TRANSMEM 514..534; /note=Helical; /evidence=ECO:0000255; TRANSMEM 579..599; /note=Helical; /evidence=ECO:0000255; TRANSMEM 602..622; /note=Helical; /evidence=ECO:0000255; TRANSMEM 629..649; /note=Helical; /evidence=ECO:0000255; TRANSMEM 681..701; /note=Helical; /evidence=ECO:0000255; TRANSMEM 823..843; /note=Helical; /evidence=ECO:0000255; TRANSMEM 852..872; /note=Helical; /evidence=ECO:0000255; TRANSMEM 926..946; /note=Helical; /evidence=ECO:0000255; TRANSMEM 987..1007; /note=Helical; /evidence=ECO:0000255; TRANSMEM 1043..1063; /note=Helical; /evidence=ECO:0000255; TRANSMEM 1160..1180; /note=Helical; /evidence=ECO:0000255; TRANSMEM 1184..1204; /note=Helical; /evidence=ECO:0000255; TRANSMEM 1218..1240; /note=Helical; /evidence=ECO:0000255; TRANSMEM 1247..1264; /note=Helical; /evidence=ECO:0000255; TRANSMEM 1277..1297; /note=Helical; /evidence=ECO:0000255; TRANSMEM 1678..1698; /note=Helical; /evidence=ECO:0000255; TRANSMEM 1700..1720; /note=Helical; /evidence=ECO:0000255; TRANSMEM 1734..1754; /note=Helical; /evidence=ECO:0000255; TRANSMEM 1962..1982; /note=Helical; /evidence=ECO:0000255; TRANSMEM 2003..2023; /note=Helical; /evidence=ECO:0000255; TRANSMEM 2032..2052; /note=Helical; /evidence=ECO:0000255; TRANSMEM 2061..2081; /note=Helical; /evidence=ECO:0000255; TRANSMEM 2100..2122; /note=Helical; /evidence=ECO:0000255; TRANSMEM 2129..2149; /note=Helical; /evidence=ECO:0000255; TRANSMEM 2177..2197; /note=Helical; /evidence=ECO:0000255; TRANSMEM 2432..2452; /note=Helical; /evidence=ECO:0000255
P01854,IGHE,-131513395909007,"-4,023021181","0,00007325182586","0,001213261685","-4,59511985",TRUE,FALSE,TRUE,significant,,"SUBCELLULAR LOCATION: [Isoform 1]: Secreted {ECO:0000269|PubMed:7995941}.; SUBCELLULAR LOCATION: [Isoform 2]: Cell membrane {ECO:0000269|PubMed:20458139, ECO:0000269|PubMed:7995941, ECO:0000269|PubMed:8976175}; Single-pass type I membrane protein {ECO:0000255}.; SUBCELLULAR LOCATION: [Isoform 3]: Cell membrane {ECO:0000269|PubMed:8976175}; Single-pass type I membrane protein {ECO:0000255}.",,TOPO_DOM 1..499; /note=Extracellular; /evidence=ECO:0000305; TOPO_DOM 521..546; /note=Cytoplasmic; /evidence=ECO:0000305,TRANSMEM 500..520; /note=Helical; /evidence=ECO:0000255
Q9HB21,PLEKHA1,-131822794211850,"-5,628662123","0,00000004262858234","0,0000016157375","-4,59511985",TRUE,FALSE,TRUE,significant,Q9HB21,"SUBCELLULAR LOCATION: Cytoplasm {ECO:0000269|PubMed:11802782, ECO:0000269|PubMed:12101241}. Cell membrane {ECO:0000269|PubMed:11802782, ECO:0000269|PubMed:12101241}; Peripheral membrane protein. Nucleus {ECO:0000269|PubMed:11802782, ECO:0000269|PubMed:12101241}. Note=Locates to the plasma membrane after treatments that stimulate the production of PtdIns3,4P2. {ECO:0000269|PubMed:11802782}.",,,
P29966,MARCKS,-133696145068284,"-5,686712085","0,00000003143347162","0,000001263213927","-4,59511985",TRUE,FALSE,TRUE,significant,P29966,"SUBCELLULAR LOCATION: Cell membrane {ECO:0000269|PubMed:2034276}; Lipid-anchor {ECO:0000305}. Cytoplasm, cytoskeleton {ECO:0000305}. Cytoplasm {ECO:0000269|PubMed:2034276}. Note=PKC-dependent phosphorylation displaces MARCKS from the cell membrane and subsequent dephosphorylation is accompanied by its reassociation with the membrane. {ECO:0000269|PubMed:2034276}.",,,
Q6PJF5,RHBDF2,-139055377168101,"-3,464249667","0,0006114688549","0,00759185365","-4,59511985",TRUE,FALSE,TRUE,significant,Q6PJF5,"SUBCELLULAR LOCATION: Endoplasmic reticulum membrane {ECO:0000250|UniProtKB:Q80WQ6}; Multi-pass membrane protein {ECO:0000250|UniProtKB:Q80WQ6}. Cell membrane {ECO:0000269|PubMed:22265016, ECO:0000269|PubMed:29897333}.",,TOPO_DOM 1..409; /note=Cytoplasmic; /evidence=ECO:0000255; TOPO_DOM 431..660; /note=Lumenal; /evidence=ECO:0000255; TOPO_DOM 682..692; /note=Cytoplasmic; /evidence=ECO:0000255; TOPO_DOM 714..715; /note=Lumenal; /evidence=ECO:0000255; TOPO_DOM 737..747; /note=Cytoplasmic; /evidence=ECO:0000255; TOPO_DOM 769..773; /note=Lumenal; /evidence=ECO:0000255; TOPO_DOM 795..802; /note=Cytoplasmic; /evidence=ECO:0000255; TOPO_DOM 824..856; /note=Lumenal; /evidence=ECO:0000255,TRANSMEM 410..430; /note=Helical; /evidence=ECO:0000255; TRANSMEM 661..681; /note=Helical; /evidence=ECO:0000255; TRANSMEM 693..713; /note=Helical; /evidence=ECO:0000255; TRANSMEM 716..736; /note=Helical; /evidence=ECO:0000255; TRANSMEM 748..768; /note=Helical; /evidence=ECO:0000255; TRANSMEM 774..794; /note=Helical; /evidence=ECO:0000255; TRANSMEM 803..823; /note=Helical; /evidence=ECO:0000255
Q9NQC3,RTN4,-149036752238513,"-3,568651706","0,0004193524332","0,005549683849","-4,59511985",TRUE,FALSE,TRUE,significant,Q9NQC3,"SUBCELLULAR LOCATION: [Isoform A]: Endoplasmic reticulum membrane {ECO:0000269|PubMed:25612671, ECO:0000269|PubMed:26906412, ECO:0000269|PubMed:27619977, ECO:0000269|PubMed:27786289}; Multi-pass membrane protein {ECO:0000255}. Cell membrane; Multi-pass membrane protein {ECO:0000255}; Cytoplasmic side {ECO:0000269|PubMed:27786289}. Synapse {ECO:0000250|UniProtKB:Q99P72}. Note=Anchored to the membrane of the endoplasmic reticulum (ER) through 2 putative transmembrane domains. Localizes throughout the ER tubular network (PubMed:27619977). Co-localizes with TMEM33 at the ER sheets. {ECO:0000269|PubMed:25612671, ECO:0000269|PubMed:27619977}.; SUBCELLULAR LOCATION: [Isoform B]: Endoplasmic reticulum membrane {ECO:0000269|PubMed:27786289}; Multi-pass membrane protein {ECO:0000255}. Cell membrane {ECO:0000269|PubMed:15034570}; Multi-pass membrane protein {ECO:0000255}; Extracellular side {ECO:0000269|PubMed:15034570}. Cell junction {ECO:0000269|PubMed:21183689}. Note=Mainly located on endoplasmic reticulum tubules and sheet edges (PubMed:27786289). Upon ICAM1 engagement, redistributed toward endothelial junctions where interacts with CDH5 (PubMed:21183689). {ECO:0000269|PubMed:21183689, ECO:0000269|PubMed:27786289}.; SUBCELLULAR LOCATION: [Isoform C]: Endoplasmic reticulum membrane {ECO:0000269|PubMed:25612671}; Multi-pass membrane protein {ECO:0000255}.",,TOPO_DOM 1..1018; /note=Cytoplasmic; /evidence=ECO:0000255; TOPO_DOM 1040..1133; /note=Lumenal; /evidence=ECO:0000255; TOPO_DOM 1155..1192; /note=Cytoplasmic; /evidence=ECO:0000255,TRANSMEM 1019..1039; /note=Helical; /evidence=ECO:0000255; TRANSMEM 1134..1154; /note=Helical; /evidence=ECO:0000255
Q92673,SORL1,-158283920909258,"-4,939390323","0,000001321759712","0,00003527473677","-4,59511985",TRUE,FALSE,TRUE,significant,A0A024R3H2,"SUBCELLULAR LOCATION: Golgi apparatus membrane {ECO:0000269|PubMed:11294867, ECO:0000269|PubMed:16174740, ECO:0000269|PubMed:17855360, ECO:0000269|PubMed:21385844, ECO:0000269|PubMed:21994944}; Single-pass type I membrane protein {ECO:0000305}. Golgi apparatus, trans-Golgi network membrane {ECO:0000269|PubMed:17646382, ECO:0000269|PubMed:21385844, ECO:0000269|PubMed:23333276}; Single-pass type I membrane protein {ECO:0000305}. Endosome membrane {ECO:0000269|PubMed:21385844, ECO:0000269|PubMed:23333276}; Single-pass type I membrane protein {ECO:0000305}. Early endosome membrane {ECO:0000269|PubMed:16174740, ECO:0000269|PubMed:17646382, ECO:0000269|PubMed:21385844, ECO:0000269|PubMed:31138794}; Single-pass type I membrane protein {ECO:0000305}. Recycling endosome membrane {ECO:0000269|PubMed:17855360, ECO:0000269|PubMed:31138794}; Single-pass type I membrane protein {ECO:0000305}. Endoplasmic reticulum membrane {ECO:0000269|PubMed:17855360, ECO:0000269|PubMed:21385844}; Single-pass type I membrane protein {ECO:0000305}. Endosome, multivesicular body membrane {ECO:0000269|PubMed:21385844, ECO:0000269|PubMed:23333276}; Single-pass type I membrane protein {ECO:0000305}. Cell membrane {ECO:0000269|PubMed:11294867, ECO:0000269|PubMed:14764453, ECO:0000269|PubMed:15053742, ECO:0000269|PubMed:17855360, ECO:0000269|PubMed:21385844, ECO:0000269|PubMed:21994944, ECO:0000269|PubMed:31138794}; Single-pass type I membrane protein {ECO:0000305}. Cytoplasmic vesicle, secretory vesicle membrane {ECO:0000269|PubMed:21994944}; Single-pass type I membrane protein {ECO:0000305}. Secreted {ECO:0000269|PubMed:11082041, ECO:0000269|PubMed:14764453, ECO:0000269|PubMed:15053742, ECO:0000269|PubMed:16393139, ECO:0000269|PubMed:16531402}. Note=Mostly intracellular, predominantly in the trans-Golgi network (TGN) and in endosome, as well as in endosome-to-TGN retrograde vesicles; found at low levels on the plasma membrane (PubMed:11294867, PubMed:15053742, PubMed:17855360, PubMed:21994944, PubMed:21385844, PubMed:31138794). At the cell surface, partially subjected to proteolytic shedding that releases the ectodomain (also called soluble SORLA, solLR11 or sLR11) in the extracellular milieu (PubMed:11082041, PubMed:16393139, PubMed:16531402). The shedding may be catalyzed by ADAM17/TACE (PubMed:16393139). Following shedding, PSEN1/presenilin-1 cleaves the remaining transmembrane fragment and catalyzes the release of a C-terminal fragment in the cytosol and of a soluble N-terminal beta fragment in the extracellular milieu. The C-terminal cytosolic fragment localizes to the nucleus (PubMed:16531402). At the cell surface, the full-length protein undergoes partial clathrin-dependent endocytosis guided by clathrin adapter protein 2 (AP-2) (PubMed:11294867, PubMed:15053742, PubMed:17646382). {ECO:0000269|PubMed:11082041, ECO:0000269|PubMed:11294867, ECO:0000269|PubMed:15053742, ECO:0000269|PubMed:16393139, ECO:0000269|PubMed:16531402, ECO:0000269|PubMed:17646382, ECO:0000269|PubMed:17855360, ECO:0000269|PubMed:21385844, ECO:0000269|PubMed:21994944, ECO:0000269|PubMed:31138794}.",,TOPO_DOM 82..2137; /note=Lumenal; /evidence=ECO:0000255; TOPO_DOM 2159..2214; /note=Cytoplasmic; /evidence=ECO:0000255,TRANSMEM 2138..2158; /note=Helical; /evidence=ECO:0000255
Q8N292,GAPT,-172674012261595,"-4,853961259","0,000001974715854","0,00005068016759","-4,59511985",TRUE,FALSE,TRUE,significant,A0A024QZS2,SUBCELLULAR LOCATION: Cell membrane {ECO:0000269|PubMed:18559951}; Single-pass membrane protein {ECO:0000269|PubMed:18559951}.,,,TRANSMEM 11..31; /note=Helical; /evidence=ECO:0000255
Q9H4L5,OSBPL3,-175565953578497,"-5,481271854","0,00000009142066624","0,000003263920942","-4,59511985",TRUE,FALSE,TRUE,significant,Q9H4L5,"SUBCELLULAR LOCATION: Endoplasmic reticulum membrane {ECO:0000269|PubMed:16143324}; Peripheral membrane protein {ECO:0000269|PubMed:16143324}. Cytoplasm, cytosol {ECO:0000269|PubMed:16143324}. Cell membrane {ECO:0000269|PubMed:14593528, ECO:0000269|PubMed:16143324, ECO:0000269|PubMed:18270267, ECO:0000269|PubMed:25447204}; Peripheral membrane protein {ECO:0000269|PubMed:14593528, ECO:0000269|PubMed:16143324, ECO:0000269|PubMed:18270267, ECO:0000269|PubMed:25447204}. Cell projection, filopodium tip {ECO:0000269|PubMed:18270267}. Nucleus membrane {ECO:0000269|PubMed:16143324}; Peripheral membrane protein {ECO:0000305}. Note=Co-localizes with OSBPL6 at contact sites between the plasma membrane and the endoplasmic reticulum. {ECO:0000250|UniProtKB:Q9DBS9}.",,,
Q9NQX7,ITM2C,-221292994817189,"-6,00905869","0,000000005551992678","0,0000002623479834","-4,59511985",TRUE,FALSE,TRUE,significant,Q9NQX7,SUBCELLULAR LOCATION: Lysosome membrane {ECO:0000250}; Single-pass type II membrane protein {ECO:0000250}. Cell membrane {ECO:0000269|PubMed:19114711}; Single-pass type II membrane protein {ECO:0000269|PubMed:19114711}.,,,TRANSMEM 55..75; /note=Helical; Signal-anchor for type II membrane protein; /evidence=ECO:0000255
Q8NCT1,ARRDC4,-237673799278036,"-7,465803453",0,0,"-4,59511985",TRUE,FALSE,TRUE,significant,A0A024RC80,"SUBCELLULAR LOCATION: Early endosome {ECO:0000269|PubMed:23208550}. Cell membrane {ECO:0000269|PubMed:23208550, ECO:0000269|PubMed:23236378}; Peripheral membrane protein {ECO:0000305}; Cytoplasmic side {ECO:0000305}. Cytoplasmic vesicle {ECO:0000269|PubMed:23236378}. Note=Also found in extracellular vesicles different from exosomes. {ECO:0000250|UniProtKB:A0A0B4J1F4}.",,,
Q9NWQ8,PAG1,-248040767090913,"-6,334011526","0,0000000009014293725","0,00000005135590177","-4,59511985",TRUE,FALSE,TRUE,significant,Q9NWQ8,"SUBCELLULAR LOCATION: Cell membrane {ECO:0000269|PubMed:10790433, ECO:0000269|PubMed:18070987}; Single-pass type III membrane protein {ECO:0000269|PubMed:10790433, ECO:0000269|PubMed:18070987}. Note=Present in lipid rafts.",,TOPO_DOM 1..16; /note=Extracellular; /evidence=ECO:0000255; TOPO_DOM 38..432; /note=Cytoplasmic; /evidence=ECO:0000255,TRANSMEM 17..37; /note=Helical; Signal-anchor for type III membrane protein; /evidence=ECO:0000255
Q9HBI1,PARVB,-81772816484615,"-7,972171966",0,0,"-4,59511985",TRUE,FALSE,TRUE,significant,Q9HBI1,"SUBCELLULAR LOCATION: Cell junction, focal adhesion. Cell membrane; Peripheral membrane protein; Cytoplasmic side. Cytoplasm, cytoskeleton. Cell projection, lamellipodium. Cytoplasm, myofibril, sarcomere. Cytoplasm, myofibril, sarcomere, Z line. Note=Constituent of focal adhesions. Detected at the tips of the leading edge of cells. Colocalizes with F-actin at the tips of lamellipodia.",,,
O43491,EPB41L2,-253891045368029,"-7,830741996",0,0,"-4,59511985",TRUE,FALSE,TRUE,significant,I6L9B1,"SUBCELLULAR LOCATION: Cytoplasm, cytoskeleton {ECO:0000250}. Cytoplasm, cell cortex {ECO:0000269|PubMed:23870127}. Cell membrane {ECO:0000269|PubMed:22361696}.",,,
Q9HC56,PCDH9,-197827342584699,"-4,434300411","0,00001309618774","0,0002797916918","-4,59511985",TRUE,FALSE,TRUE,significant,B7ZM79,SUBCELLULAR LOCATION: Cell membrane {ECO:0000250}; Single-pass type I membrane protein {ECO:0000250}.,,TOPO_DOM 24..814; /note=Extracellular; /evidence=ECO:0000255; TOPO_DOM 836..1237; /note=Cytoplasmic; /evidence=ECO:0000255,TRANSMEM 815..835; /note=Helical; /evidence=ECO:0000255
Q08116,RGS1,-255515708685844,"-7,824464429",0,0,"-4,59511985",TRUE,FALSE,TRUE,significant,A0A024R945,"SUBCELLULAR LOCATION: Cell membrane {ECO:0000269|PubMed:10480894}; Peripheral membrane protein {ECO:0000269|PubMed:10480894}; Cytoplasmic side {ECO:0000269|PubMed:10480894}. Cytoplasm, cytosol {ECO:0000269|PubMed:10480894}.",,,
Q14254,FLOT2,-259359778243223,"-4,393979318","0,00001559530095","0,0003204016689","-4,59511985",TRUE,FALSE,TRUE,significant,J3QLD9,"SUBCELLULAR LOCATION: Cell membrane {ECO:0000269|PubMed:20682791}; Peripheral membrane protein {ECO:0000269|PubMed:20682791}. Membrane, caveola {ECO:0000269|PubMed:20682791}; Peripheral membrane protein {ECO:0000269|PubMed:20682791}. Endosome {ECO:0000269|PubMed:20682791}. Membrane {ECO:0000305}; Lipid-anchor {ECO:0000305}. Note=Membrane-associated protein of caveolae.",,,
P06734,FCER2,-275797278751159,"-4,945648632","0,000001283178182","0,00003435923446","-4,59511985",TRUE,FALSE,TRUE,significant,K3W4U1,"SUBCELLULAR LOCATION: Cell membrane; Single-pass type II membrane protein. Cell membrane; Lipid-anchor. Secreted {ECO:0000269|PubMed:37453717}. Note=Also exists as a soluble excreted form, sCD23.",,TOPO_DOM 1..21; /note=Cytoplasmic; /evidence=ECO:0000255; TOPO_DOM 48..321; /note=Extracellular; /evidence=ECO:0000255,TRANSMEM 22..47; /note=Helical; Signal-anchor for type II membrane protein; /evidence=ECO:0000255
Q9NRM6,IL17RB,113624182236487,"6,458352633","0,0000000004415410404","0,00000002792833998","-4,59511985",TRUE,TRUE,FALSE,significant,Q9NRM6,SUBCELLULAR LOCATION: [Isoform 1]: Cell membrane; Single-pass type I membrane protein.; SUBCELLULAR LOCATION: [Isoform 2]: Secreted.,,TOPO_DOM 18..292; /note=Extracellular; /evidence=ECO:0000255; TOPO_DOM 314..502; /note=Cytoplasmic; /evidence=ECO:0000255,TRANSMEM 293..313; /note=Helical; /evidence=ECO:0000255
P21589,NT5E,-318584123800730,"-8,455515957",0,0,"-4,59511985",TRUE,FALSE,TRUE,significant,P21589,"SUBCELLULAR LOCATION: Cell membrane {ECO:0000269|PubMed:2129526, ECO:0000269|PubMed:24887587}; Lipid-anchor, GPI-anchor {ECO:0000269|PubMed:2129526}.",,,
Q96RF0,SNX18,-322275740791668,"-5,324163607","0,0000002027168947","0,000006687293946","-4,59511985",TRUE,FALSE,TRUE,significant,Q96RF0,"SUBCELLULAR LOCATION: Endomembrane system {ECO:0000269|PubMed:22718350}; Peripheral membrane protein {ECO:0000269|PubMed:18411244}; Cytoplasmic side {ECO:0000269|PubMed:18411244}. Endosome membrane {ECO:0000269|PubMed:29437695}; Peripheral membrane protein {ECO:0000269|PubMed:18411244}; Cytoplasmic side {ECO:0000269|PubMed:18411244}. Recycling endosome membrane {ECO:0000269|PubMed:29437695}; Peripheral membrane protein {ECO:0000269|PubMed:18411244}; Cytoplasmic side {ECO:0000269|PubMed:18411244}. Cell membrane {ECO:0000269|PubMed:20427313}; Peripheral membrane protein {ECO:0000269|PubMed:18411244}; Cytoplasmic side {ECO:0000269|PubMed:18411244}. Cytoplasmic vesicle membrane {ECO:0000269|PubMed:18411244}; Peripheral membrane protein {ECO:0000269|PubMed:18411244}; Cytoplasmic side {ECO:0000269|PubMed:18411244}. Note=Localized at sites of endocytosis at the cell membrane (PubMed:18411244). Detected on newly formed macropinosomes (PubMed:21048941). Partially colocalized with clathrin and dynamin at the cell membrane (PubMed:20427313). Transiently recruited to clathrin-coated pits at a late stage of clathrin-coated vesicle formation (PubMed:18411244). {ECO:0000269|PubMed:18411244, ECO:0000269|PubMed:20427313, ECO:0000269|PubMed:21048941}.",,,
Q96GS6,ABHD17A,-352928099593997,"-5,293264042","0,0000002365962093","0,000007572021313","-4,59511985",TRUE,FALSE,TRUE,significant,Q96GS6,"SUBCELLULAR LOCATION: Cell membrane {ECO:0000269|PubMed:26701913}; Lipid-anchor {ECO:0000269|PubMed:26701913}; Cytoplasmic side {ECO:0000269|PubMed:26701913}. Endosome membrane {ECO:0000269|PubMed:26701913}; Lipid-anchor {ECO:0000269|PubMed:26701913}; Cytoplasmic side {ECO:0000269|PubMed:26701913}. Cell projection, dendritic spine {ECO:0000250|UniProtKB:Q5XIJ5}. Postsynaptic density membrane {ECO:0000250|UniProtKB:Q5XIJ5}.",,,
Q9NYQ6,CELSR1,166182716314529,"3,921975215","0,000109545912","0,001712027843","-4,59511985",TRUE,TRUE,FALSE,significant,Q9NYQ6,SUBCELLULAR LOCATION: Cell membrane; Multi-pass membrane protein.,,TOPO_DOM 22..2469; /note=Extracellular; /evidence=ECO:0000255; TOPO_DOM 2491..2501; /note=Cytoplasmic; /evidence=ECO:0000255; TOPO_DOM 2523..2527; /note=Extracellular; /evidence=ECO:0000255; TOPO_DOM 2549..2572; /note=Cytoplasmic; /evidence=ECO:0000255; TOPO_DOM 2594..2611; /note=Extracellular; /evidence=ECO:0000255; TOPO_DOM 2633..2655; /note=Cytoplasmic; /evidence=ECO:0000255; TOPO_DOM 2677..2683; /note=Extracellular; /evidence=ECO:0000255; TOPO_DOM 2705..3014; /note=Cytoplasmic; /evidence=ECO:0000255,TRANSMEM 2470..2490; /note=Helical; Name=1; /evidence=ECO:0000255; TRANSMEM 2502..2522; /note=Helical; Name=2; /evidence=ECO:0000255; TRANSMEM 2528..2548; /note=Helical; Name=3; /evidence=ECO:0000255; TRANSMEM 2573..2593; /note=Helical; Name=4; /evidence=ECO:0000255; TRANSMEM 2612..2632; /note=Helical; Name=5; /evidence=ECO:0000255; TRANSMEM 2656..2676; /note=Helical; Name=6; /evidence=ECO:0000255; TRANSMEM 2684..2704; /note=Helical; Name=7; /evidence=ECO:0000255
Q99732,LITAF,-388610468137217,"-6,435501085","0,0000000005037981655","0,00000003113490822","-4,59511985",TRUE,FALSE,TRUE,significant,Q99732,"SUBCELLULAR LOCATION: Cytoplasm {ECO:0000269|PubMed:15793005}. Nucleus {ECO:0000269|PubMed:15793005, ECO:0000269|PubMed:16954198}. Lysosome membrane {ECO:0000269|PubMed:11274176, ECO:0000269|PubMed:27582497}; Peripheral membrane protein {ECO:0000269|PubMed:11274176}; Cytoplasmic side {ECO:0000269|PubMed:11274176}. Early endosome membrane {ECO:0000269|PubMed:21896645, ECO:0000269|PubMed:23166352, ECO:0000269|PubMed:27582497}. Late endosome membrane {ECO:0000269|PubMed:27582497}. Endosome membrane {ECO:0000269|PubMed:27927196}; Peripheral membrane protein {ECO:0000269|PubMed:27927196}; Cytoplasmic side {ECO:0000269|PubMed:27927196}. Cell membrane {ECO:0000269|PubMed:16118794, ECO:0000269|PubMed:27582497}; Peripheral membrane protein {ECO:0000269|PubMed:27582497}; Cytoplasmic side {ECO:0000269|PubMed:27582497}. Golgi apparatus membrane {ECO:0000269|PubMed:16118794}. Note=Associated with membranes of lysosomes, early and late endosomes (PubMed:11274176, PubMed:27927196, PubMed:27582497). Can translocate from the cytoplasm into the nucleus (PubMed:15793005). Detected at Schmidt-Lanterman incisures and in nodal regions of myelinating Schwann cells (By similarity). {ECO:0000250|UniProtKB:Q9JLJ0, ECO:0000269|PubMed:11274176, ECO:0000269|PubMed:15793005, ECO:0000269|PubMed:27582497, ECO:0000269|PubMed:27927196}.",,,
O15554,KCNN4,-453467196041451,"-7,243374656",0,"0,0000000003275515019","-4,59511985",TRUE,FALSE,TRUE,significant,O15554,SUBCELLULAR LOCATION: Cell membrane {ECO:0000269|PubMed:26148990}; Multi-pass membrane protein {ECO:0000255}.,INTRAMEM 241..261; /note=Pore-forming; Name=Segment H5; /evidence=ECO:0000255,,TRANSMEM 29..49; /note=Helical; Name=Segment S1; /evidence=ECO:0000255; TRANSMEM 59..79; /note=Helical; Name=Segment S2; /evidence=ECO:0000255; TRANSMEM 108..128; /note=Helical; Name=Segment S3; /evidence=ECO:0000255; TRANSMEM 143..163; /note=Helical; Name=Segment S4; /evidence=ECO:0000255; TRANSMEM 207..227; /note=Helical; Name=Segment S5; /evidence=ECO:0000255; TRANSMEM 265..285; /note=Helical; Name=Segment S6; /evidence=ECO:0000255
Q9ULI3,HEG1,-66649189473715,"-4,128768633","0,00004765589818","0,0008433196347","-4,59511985",TRUE,FALSE,TRUE,significant,Q9ULI3,SUBCELLULAR LOCATION: [Isoform 1]: Cell membrane {ECO:0000305}; Single-pass type I membrane protein {ECO:0000305}. Cell junction {ECO:0000250}.; SUBCELLULAR LOCATION: [Isoform 2]: Secreted {ECO:0000305}.,,TOPO_DOM 30..1248; /note=Extracellular; /evidence=ECO:0000255; TOPO_DOM 1270..1381; /note=Cytoplasmic; /evidence=ECO:0000255,TRANSMEM 1249..1269; /note=Helical; /evidence=ECO:0000255
Q07065,CKAP4,-461225676758699,"-8,225451819",0,0,"-4,59511985",TRUE,FALSE,TRUE,significant,A0A024RBH2,"SUBCELLULAR LOCATION: Endoplasmic reticulum membrane {ECO:0000269|PubMed:18296695, ECO:0000269|PubMed:19144824}; Single-pass type II membrane protein. Cell membrane {ECO:0000269|PubMed:18296695, ECO:0000269|PubMed:19144824}; Single-pass type II membrane protein. Cytoplasm, cytoskeleton. Cytoplasm, perinuclear region. Note=Translocates to the perinuclear region upon APF-stimulation.",,TOPO_DOM 1..106; /note=Cytoplasmic; /evidence=ECO:0000255; TOPO_DOM 128..602; /note=Extracellular; /evidence=ECO:0000255,TRANSMEM 107..127; /note=Helical; /evidence=ECO:0000255
Q9BSJ8,ESYT1,-505581994024725,"-7,991012219",0,0,"-4,59511985",TRUE,FALSE,TRUE,significant,A0A024RB16,"SUBCELLULAR LOCATION: Endoplasmic reticulum membrane {ECO:0000269|PubMed:29469807}; Multi-pass membrane protein {ECO:0000255}. Cell membrane {ECO:0000269|PubMed:29469807}; Peripheral membrane protein {ECO:0000269|PubMed:29469807}. Note=Localizes primarily to the endoplasmic reticulum (PubMed:29469807). Recruited to sites of contact between the endoplasmic reticulum and the cell membrane in response to increased cytosolic calcium levels (PubMed:29469807, PubMed:22250200). {ECO:0000269|PubMed:22250200, ECO:0000269|PubMed:29469807}.",,TOPO_DOM 1..38; /note=Cytoplasmic; /evidence=ECO:0000255; TOPO_DOM 60..62; /note=Lumenal; /evidence=ECO:0000255; TOPO_DOM 84..1104; /note=Cytoplasmic; /evidence=ECO:0000255,TRANSMEM 39..59; /note=Helical; /evidence=ECO:0000255; TRANSMEM 63..83; /note=Helical; /evidence=ECO:0000255